true_value,pred_vale
1,1
1,1
0,0
0,0
1,1
0,0
1,1
0,1
1,1
1,1
1,1
0,0
1,1
0,0
0,0
1,1
1,1
1,1
1,1
1,1
1,1
1,1
1,1
1,0
1,1
0,0
1,1
0,0
1,1
0,0
1,1
1,1
1,1
0,0
1,1
1,1
1,1
0,0
1,1
0,0
0,0
1,1
0,1
0,0
0,0
0,0
0,0
0,0
0,0
1,1
1,1
0,0
0,0
1,1
1,1
0,0
1,1
0,1
1,1
1,1
1,1
1,1
1,1
1,1
1,1
0,0
1,1
1,1
1,1
1,1
1,1
0,0
1,1
0,0
0,1
1,1
1,1
0,0
1,1
1,1
1,1
1,1
1,1
1,1
0,0
0,0
1,1
1,1
1,1
1,1
1,1
0,0
1,1
1,1
1,1
1,1
0,0
0,0
1,1
1,1
0,0
0,0
1,1
1,1
1,1
1,1
0,0
1,1
1,1
0,0
1,1
1,1
1,1
1,1
1,1
1,0
0,0
1,1
0,0
0,0
1,1
1,1
0,0
0,0
0,0
0,0
0,1
0,0
1,1
1,1
0,0
1,1
1,1
1,1
0,0
1,1
1,1
0,1
1,1
1,1
1,1
0,0
1,1
1,1
1,1
1,1
1,1
0,0
1,1
0,0
1,0
1,1
1,1
0,0
0,0
1,0
1,1
1,1
1,1
1,1
1,1
1,1
1,1
1,1
1,1
1,1
1,1
1,1
1,1
0,0
0,0
1,1
1,1
1,1
1,1
0,0
1,1
0,0
1,1
1,1
1,1
1,1
1,1
0,0
1,1
1,1
1,1
1,1
0,1
1,1
1,0
1,1
1,1
1,1
1,1
1,1
1,1
0,0
1,1
0,1
1,1
1,1
1,1
0,0
1,1
1,1
1,1
1,1
0,0
1,1
1,1
1,1
1,0
1,1
1,1
1,1
0,1
1,1
1,1
1,1
1,1
1,1
0,0
0,0
1,1
0,1
0,0
1,1
0,0
1,1
1,1
1,1
1,1
0,1
1,1
1,1
1,1
0,0
1,1
0,0
1,1
0,0
0,0
1,1
1,1
1,1
1,1
1,1
1,1
1,1
0,0
0,0
0,0
0,1
1,1
1,1
1,1
1,1
1,1
1,1
0,1
1,1
1,1
1,1
0,0
1,1
1,1
1,1
1,1
1,1
1,1
1,1
0,0
1,1
1,1
1,1
0,0
1,1
0,0
1,1
1,1
1,1
1,1
1,0
0,0
1,1
1,1
1,1
1,1
0,0
1,1
1,1
0,0
1,0
1,1
1,1
0,0
0,0
1,1
0,0
1,1
1,1
1,1
1,1
0,0
1,1
0,0
1,1
1,1
1,1
1,1
1,1
1,1
0,1
1,1
1,1
1,1
1,0
1,1
1,1
1,1
1,1
1,1
1,1
1,1
1,1
1,0
1,1
1,1
0,0
1,1
0,0
1,1
1,1
0,0
1,1
1,1
0,1
1,1
0,0
0,0
1,1
1,1
1,1
1,1
1,1
1,1
1,1
1,1
0,0
0,0
0,0
0,0
1,1
1,1
1,1
1,1
1,1
1,1
1,1
1,1
1,1
0,0
1,1
0,0
1,1
1,1
1,0
1,1
1,1
1,1
0,0
1,1
0,0
1,1
0,0
0,0
0,0
1,1
0,0
1,1
1,1
1,1
1,0
1,1
1,1
1,1
0,0
0,0
0,0
1,1
1,1
1,1
0,0
1,1
0,0
1,1
0,1
1,1
1,1
1,1
1,1
1,1
1,1
1,1
1,1
1,1
0,0
1,1
0,0
1,1
1,1
1,1
0,0
1,1
1,1
1,1
0,0
0,0
0,0
1,0
0,0
0,1
1,1
1,1
1,1
0,0
1,1
1,1
1,1
0,0
0,0
1,1
1,1
1,1
1,1
1,1
1,1
1,1
0,0
0,0
1,1
1,1
1,1
1,1
1,1
0,0
1,1
1,1
1,1
1,1
1,1
0,0
1,1
1,1
0,0
0,0
1,1
1,1
1,1
1,1
1,1
1,1
0,0
1,1
1,1
1,1
0,0
1,0
1,1
1,1
1,1
1,1
0,0
1,1
1,1
1,1
1,1
1,1
1,1
1,1
1,1
1,1
1,1
1,1
1,1
1,1
1,1
1,1
1,1
1,1
1,0
1,0
1,1
1,1
1,1
0,0
1,1
1,1
1,1
0,0
1,1
1,1
0,0
1,1
0,0
1,1
1,1
0,0
1,1
1,1
0,1
1,1
0,0
1,1
1,1
1,1
1,1
1,1
1,1
0,0
1,1
0,1
1,1
0,0
1,1
1,1
1,1
1,1
1,1
0,0
1,1
0,0
0,0
0,0
1,1
0,0
0,0
1,1
1,1
0,0
1,1
1,1
1,1
0,1
0,0
1,1
1,1
1,1
0,0
1,1
1,1
0,0
0,0
1,1
0,0
1,1
1,1
1,1
1,1
1,1
1,1
1,1
1,1
0,0
0,0
1,1
1,1
0,0
1,1
0,0
1,1
1,0
1,1
0,0
1,1
1,1
1,1
1,1
0,0
1,1
1,1
1,1
1,1
1,1
0,1
1,1
1,1
1,1
1,1
1,1
1,1
1,0
1,1
1,1
1,1
0,1
1,1
1,1
0,0
1,1
1,1
0,0
0,0
1,1
0,1
1,1
1,1
0,0
1,1
1,1
1,1
0,0
1,1
1,1
0,0
1,1
1,1
0,0
1,1
1,1
0,0
1,1
1,1
1,1
1,1
0,0
0,0
1,1
1,1
1,1
1,1
1,1
1,1
0,0
0,0
1,1
1,0
1,1
0,0
0,1
1,1
1,1
0,0
1,1
0,0
1,1
0,0
0,0
1,1
1,1
1,1
1,1
1,1
1,1
1,1
1,1
1,1
0,0
0,1
1,1
0,0
1,1
0,0
1,1
0,0
1,1
1,1
1,1
1,1
1,1
1,1
1,1
1,1
1,1
1,1
1,1
0,0
1,1
1,1
1,1
1,1
0,0
1,1
0,0
1,1
1,1
1,1
1,1
1,1
1,1
1,1
0,0
1,1
0,0
1,1
1,1
1,1
0,1
1,1
1,1
1,1
1,1
0,0
0,0
1,1
1,1
1,1
1,1
1,1
1,1
1,1
1,1
1,1
1,1
1,1
1,1
1,1
1,1
1,1
1,1
1,1
1,1
1,1
1,1
1,1
0,0
0,0
1,1
1,1
0,0
1,1
1,1
0,0
0,1
1,1
1,1
0,0
0,0
1,1
1,1
1,1
1,1
1,1
1,1
0,0
1,1
1,1
1,1
1,1
1,1
1,1
1,1
1,1
0,0
1,1
1,1
1,1
1,0
0,0
1,1
1,1
1,1
0,0
1,0
0,0
1,1
0,0
1,1
0,0
1,1
0,0
1,1
1,1
0,0
1,1
1,1
1,1
1,1
1,1
1,1
0,0
1,1
1,0
1,1
1,1
1,0
1,1
1,1
0,0
1,1
1,1
0,0
1,1
1,1
1,1
0,0
1,1
0,1
1,1
1,1
0,0
1,1
1,1
1,1
1,1
1,1
1,1
0,0
1,0
1,1
1,1
1,1
0,0
1,1
1,1
1,1
0,0
1,1
1,1
1,1
1,1
1,1
0,0
1,1
1,1
1,1
1,1
0,0
0,0
0,0
0,1
1,1
1,1
0,0
0,0
1,1
1,1
1,1
0,0
0,0
1,1
1,1
1,1
1,1
0,0
1,1
0,0
1,1
1,1
1,1
1,1
0,0
1,1
0,0
1,1
1,1
1,1
1,1
0,0
1,1
1,1
1,1
0,0
0,0
1,1
0,0
1,1
1,1
1,1
1,1
1,1
0,0
1,1
1,1
1,1
1,1
1,1
1,1
1,0
0,0
1,1
1,1
1,1
0,0
1,1
1,1
1,1
1,1
1,1
1,1
1,1
1,1
1,1
1,1
1,1
1,1
1,1
0,0
0,0
0,0
1,1
1,1
1,1
1,1
1,1
1,1
1,1
1,1
1,1
0,0
1,1
1,1
1,1
0,0
0,0
1,1
0,0
1,1
0,0
1,1
1,1
1,1
1,1
1,1
1,1
0,1
1,1
0,0
1,1
1,1
1,0
0,0
1,1
1,1
1,1
1,1
0,0
1,1
1,1
0,0
0,0
1,1
1,1
1,1
1,1
1,1
0,0
1,1
0,1
1,1
1,1
1,1
1,1
0,0
0,0
1,1
1,1
1,1
1,1
1,1
1,1
1,1
0,0
1,1
1,1
0,0
0,0
1,1
1,1
0,0
1,1
1,1
1,1
1,1
1,1
1,1
1,1
1,1
1,1
1,1
1,1
1,1
0,0
0,1
1,1
1,1
0,0
1,1
1,1
1,1
0,0
1,1
1,1
1,1
1,1
0,0
0,0
1,1
0,0
0,0
1,1
1,1
1,1
1,1
1,1
0,0
0,0
0,0
1,1
0,0
1,1
1,1
0,0
0,0
1,1
0,0
1,1
1,1
1,1
0,0
1,1
1,1
0,1
1,1
1,1
1,1
1,1
1,1
1,1
1,1
1,0
1,1
1,1
1,1
1,1
1,1
1,1
0,0
1,1
1,1
1,1
1,1
0,0
1,0
0,0
0,0
1,1
1,1
1,1
0,0
0,0
1,1
0,0
0,0
0,0
1,1
1,1
1,1
0,0
1,1
0,0
0,0
1,1
1,1
0,0
1,1
1,1
1,1
1,1
1,1
0,0
0,0
1,1
1,1
1,1
1,1
0,0
1,1
1,1
1,1
1,1
1,1
1,1
1,1
1,1
1,1
1,1
1,1
1,1
0,0
0,0
1,1
0,0
0,0
1,1
0,0
0,1
1,1
1,1
0,1
1,1
1,1
1,0
1,1
1,1
1,1
1,1
0,0
1,1
1,1
1,1
1,1
1,1
1,1
1,1
1,1
1,1
1,1
1,1
1,1
1,1
0,0
1,1
1,1
1,1
0,0
1,1
1,1
0,0
1,1
1,1
0,0
1,1
1,1
0,0
1,1
1,1
1,1
1,1
1,1
0,0
0,0
0,0
1,1
0,1
0,0
0,0
0,0
0,0
0,0
1,1
0,0
1,1
1,1
0,0
1,1
1,1
0,0
1,0
0,0
1,1
1,1
1,1
0,0
1,1
0,0
1,1
1,1
0,0
1,1
1,1
1,1
0,0
1,1
1,1
1,1
1,1
1,1
1,1
1,1
1,1
1,1
1,1
1,1
1,1
0,0
1,1
0,1
1,1
1,1
0,0
1,1
1,1
1,1
1,1
0,1
1,1
1,1
1,1
1,1
1,1
1,1
1,1
1,1
0,0
0,0
0,0
1,1
1,1
1,1
1,1
1,1
0,0
0,0
1,1
1,1
1,1
1,1
1,1
1,1
1,1
1,1
1,1
1,1
0,0
1,1
0,0
1,1
1,1
1,1
1,1
1,1
1,1
1,1
0,0
0,1
1,1
1,1
1,1
1,1
0,0
1,1
0,0
0,0
0,0
1,1
1,1
1,1
0,0
1,1
1,1
1,1
1,1
1,1
0,0
1,1
1,1
1,1
1,1
1,1
1,1
1,1
0,0
0,0
1,1
1,1
0,0
1,1
1,1
1,1
0,0
1,1
1,1
0,0
1,1
0,1
1,1
1,1
1,1
0,1
1,1
1,1
1,1
1,1
0,0
1,1
0,0
0,0
0,0
1,1
1,1
1,1
1,1
1,1
1,1
0,1
0,0
0,0
0,0
0,0
1,1
0,1
0,0
1,1
1,1
1,1
1,1
0,0
0,0
1,1
1,1
1,1
0,0
1,1
1,1
0,0
1,1
1,1
0,0
1,1
1,0
1,1
1,1
1,1
0,0
1,1
1,1
1,1
1,1
1,1
1,1
1,1
1,1
1,1
1,1
0,0
1,1
0,0
0,0
1,1
1,1
0,0
1,1
0,0
1,1
1,1
0,0
1,1
1,1
1,1
0,0
1,1
1,1
1,1
1,1
0,0
0,0
1,1
1,1
0,0
1,1
1,1
0,0
1,1
0,0
1,1
1,1
1,1
1,1
0,1
1,1
1,1
1,1
0,0
0,0
1,1
1,1
1,1
1,1
1,1
0,0
1,1
0,0
0,0
1,1
1,1
0,0
1,1
1,1
1,1
1,1
1,1
0,0
1,1
1,1
1,1
1,1
1,1
1,1
0,0
1,1
0,0
0,0
1,1
1,1
0,0
1,1
1,1
1,1
1,1
1,1
0,0
1,1
1,1
1,1
1,1
1,1
1,1
1,1
1,1
1,1
1,1
1,1
1,1
0,0
0,0
0,0
1,1
1,1
1,1
1,1
1,1
1,1
1,1
0,0
1,1
1,1
1,1
1,1
0,0
0,0
1,1
1,1
0,0
1,1
1,1
1,1
0,0
1,1
1,1
1,1
0,0
1,1
1,1
0,1
1,1
1,1
1,1
0,0
0,0
0,1
1,1
1,1
1,1
1,1
0,0
1,1
1,1
0,0
1,1
1,1
1,1
0,0
1,1
1,1
1,1
0,0
1,1
0,0
1,1
1,1
1,1
1,1
1,1
1,1
1,1
1,1
1,1
1,1
0,0
0,0
1,1
1,1
0,0
0,0
1,0
0,0
1,1
1,1
1,1
1,1
1,1
0,0
1,1
1,1
1,1
1,1
0,0
1,1
0,0
1,1
1,1
1,1
1,1
1,1
1,1
1,1
0,0
0,0
0,0
0,0
1,1
0,0
0,0
0,0
0,0
1,1
1,1
0,0
0,0
0,0
1,1
1,1
1,1
1,1
1,1
0,0
1,1
1,1
1,1
0,1
1,1
0,1
1,1
1,1
1,1
0,0
1,1
0,0
0,0
1,1
1,1
1,1
1,1
0,0
0,1
0,0
1,1
1,1
1,1
1,1
1,1
1,1
1,1
1,1
0,0
1,1
1,1
1,1
1,1
0,1
1,1
1,1
1,1
0,1
1,1
1,1
1,1
1,1
1,1
0,0
1,1
0,0
1,1
1,1
1,1
0,0
0,0
0,0
0,0
1,1
0,1
1,1
1,1
1,1
1,1
0,0
1,1
1,1
1,1
0,1
1,1
1,1
1,1
1,1
1,1
1,1
0,1
1,1
0,1
0,0
0,0
1,1
1,1
1,1
1,1
1,1
1,1
1,1
0,1
1,1
0,0
1,0
1,1
0,0
1,1
1,1
1,1
0,0
1,1
0,0
0,0
1,1
1,1
1,1
1,1
1,1
1,1
1,1
0,0
1,1
0,0
1,1
1,1
1,1
1,1
0,0
0,0
1,1
1,1
1,1
1,1
1,1
0,0
0,0
1,1
0,1
1,1
1,1
0,0
1,1
1,1
1,1
0,0
1,1
1,1
0,1
0,1
1,1
0,0
1,1
0,0
1,1
1,1
1,1
0,0
0,0
1,1
1,1
1,1
1,1
0,0
0,0
1,1
1,1
0,0
1,1
1,1
0,0
0,0
1,1
1,0
0,0
1,0
1,1
0,1
1,1
1,1
0,0
1,1
1,1
0,0
1,1
1,1
1,1
1,1
1,1
0,1
1,1
0,0
0,0
1,1
1,1
1,1
1,1
0,1
0,0
1,1
1,1
1,1
0,0
0,0
0,0
1,1
1,1
0,0
1,1
1,1
1,1
1,1
0,0
1,1
0,1
1,1
0,0
0,0
1,1
1,1
0,0
0,1
1,1
1,1
0,0
1,1
1,1
0,0
0,0
1,1
0,0
1,1
1,1
0,0
1,1
1,1
1,0
1,1
1,1
1,1
1,1
1,1
1,1
0,0
1,1
1,1
0,0
1,1
1,1
0,0
1,0
1,1
1,1
0,0
1,1
1,1
1,1
1,1
1,1
1,1
0,0
0,0
1,1
0,0
0,0
1,1
1,1
1,1
1,1
1,1
1,1
0,0
1,1
1,1
1,1
1,1
1,1
0,0
1,1
1,1
1,1
1,1
1,1
1,1
1,1
1,1
1,1
1,1
1,1
1,1
0,0
1,1
0,0
1,1
1,1
1,1
1,1
0,0
1,1
1,1
1,1
1,1
1,1
0,0
0,0
0,0
0,0
1,1
0,0
1,1
0,0
1,1
0,0
1,1
0,0
0,1
1,1
1,1
1,1
1,1
1,1
1,1
1,1
1,1
1,1
1,1
0,0
1,1
1,1
1,1
1,1
0,1
1,1
0,0
0,0
1,1
1,1
1,1
0,0
1,1
0,0
1,1
1,1
1,1
1,1
0,0
1,1
1,1
1,1
0,0
1,1
1,1
1,1
0,0
1,1
1,1
1,1
1,1
1,1
1,1
0,0
0,0
0,0
0,1
1,1
1,1
1,1
1,1
1,1
0,0
1,1
1,1
1,1
0,0
1,1
0,0
0,1
1,1
0,0
1,1
0,0
1,1
1,1
1,1
0,0
1,1
1,1
0,0
1,1
1,1
0,0
1,1
1,1
0,0
1,1
1,1
1,1
0,0
1,1
1,1
0,0
1,1
1,1
0,0
0,0
1,1
1,1
1,1
1,1
1,1
0,0
0,0
1,1
1,1
0,0
1,1
0,0
0,1
0,0
1,0
1,1
1,1
0,0
1,1
1,1
1,1
1,1
0,0
1,1
1,1
1,1
1,1
1,1
1,1
1,1
0,1
0,0
0,0
1,1
1,1
1,1
1,1
1,1
1,1
1,1
0,0
0,0
1,1
1,1
1,1
1,1
1,1
0,0
1,1
0,0
0,1
1,1
1,1
1,0
0,0
1,1
1,1
1,1
1,1
0,0
0,0
0,0
0,1
1,0
1,1
0,1
1,1
1,1
0,1
1,1
1,1
1,1
1,1
1,1
1,1
0,0
1,1
1,1
1,1
1,0
0,0
1,1
1,1
1,1
1,1
1,1
1,1
1,0
1,1
0,0
0,0
1,1
1,1
1,1
0,0
1,1
1,1
1,1
1,1
1,1
0,0
1,1
0,0
1,1
0,0
1,1
0,0
0,0
1,1
1,1
1,1
0,0
0,0
0,1
0,0
0,0
1,1
0,0
1,1
1,1
0,0
0,1
1,1
1,1
1,1
1,1
0,0
1,1
0,0
1,1
0,0
1,1
1,1
0,0
1,1
0,0
1,1
0,0
1,0
1,1
1,1
0,0
1,1
0,0
1,1
1,1
1,1
1,1
0,0
1,1
1,1
0,0
1,1
1,1
1,1
1,1
1,1
1,1
1,1
0,0
0,0
0,0
1,1
1,1
1,1
0,0
1,1
0,0
1,1
0,1
1,1
1,1
1,1
1,1
1,1
0,1
1,1
1,1
0,0
1,1
1,1
1,1
0,0
0,0
1,1
1,1
0,0
1,1
1,1
1,1
1,1
1,1
0,0
1,1
0,0
0,0
1,1
1,1
0,1
1,1
1,0
0,0
1,1
1,1
1,1
1,1
1,1
1,1
1,1
1,1
0,0
1,1
1,1
1,1
1,1
0,0
0,0
1,1
1,1
1,1
1,1
0,1
1,1
1,1
1,1
1,1
1,1
1,1
1,1
1,1
0,0
1,1
1,1
1,1
0,0
1,1
1,1
1,1
1,1
1,1
1,1
1,1
0,0
1,1
1,1
0,0
1,1
1,1
1,1
0,1
1,1
1,1
1,1
0,1
1,1
0,0
1,1
1,1
1,1
1,1
1,1
0,1
1,1
1,1
1,1
0,0
0,0
1,1
1,1
0,0
1,1
1,1
0,0
1,1
1,1
1,1
1,1
1,1
1,1
1,1
1,1
1,1
1,1
1,1
0,0
1,1
1,1
1,1
0,0
0,0
0,0
1,1
0,0
1,1
1,1
0,1
1,1
0,0
1,1
1,1
1,1
1,1
1,1
1,1
0,0
0,0
1,1
1,1
1,1
1,1
1,1
1,1
0,0
1,1
1,1
1,1
0,0
0,0
1,1
0,0
1,1
1,1
0,0
1,1
1,1
0,0
1,1
1,1
1,1
1,1
1,1
1,1
1,1
0,0
1,1
1,1
0,0
1,1
1,1
1,1
1,1
1,1
1,1
1,1
1,1
0,0
1,1
1,1
1,1
1,1
0,0
1,1
0,0
1,1
1,1
1,0
1,1
1,1
1,1
1,1
1,1
1,1
1,1
0,0
1,1
1,1
1,1
1,1
0,0
1,1
1,1
1,1
1,1
0,0
1,1
1,1
0,0
0,0
1,1
0,0
0,0
1,1
1,1
1,1
0,0
0,1
1,1
0,0
1,1
1,1
1,1
1,1
0,0
0,0
0,0
1,1
1,1
1,1
0,0
1,1
0,0
1,1
1,1
0,0
1,1
1,1
1,1
1,1
1,1
0,0
1,1
1,1
0,0
1,1
1,1
0,1
0,0
0,0
0,1
1,1
1,1
1,1
1,1
1,1
1,1
0,0
1,1
1,1
0,0
1,1
1,1
0,0
1,1
1,1
0,0
1,1
1,1
1,1
0,0
0,1
1,1
1,1
1,1
0,0
1,1
1,1
1,1
1,1
0,0
1,1
1,1
1,1
1,1
1,1
1,1
1,1
1,1
1,1
0,0
0,0
0,0
1,1
1,1
1,1
1,1
0,0
0,1
1,1
0,0
1,1
1,1
1,1
1,1
1,1
1,1
1,1
1,1
1,1
1,1
0,1
1,1
1,1
0,0
0,1
1,1
1,1
0,0
0,0
0,0
1,1
0,0
1,1
0,0
1,1
1,1
1,1
1,0
1,1
1,1
1,1
1,1
1,1
0,1
1,1
0,1
1,1
0,0
1,1
1,1
0,0
1,1
1,1
1,1
1,1
1,1
1,1
1,1
1,1
1,1
1,1
1,1
1,1
0,0
0,1
0,1
0,0
1,1
0,0
1,1
1,1
1,1
0,1
1,1
1,1
1,1
1,1
1,1
1,1
1,1
1,1
1,1
1,1
1,1
0,1
1,1
0,0
1,1
0,1
1,1
1,1
0,0
1,1
1,1
0,0
1,1
1,1
0,0
1,1
1,1
1,1
0,0
1,1
1,1
0,0
1,1
1,1
1,1
1,1
1,1
0,1
1,1
0,1
0,0
0,0
1,1
1,1
0,0
1,1
1,1
1,1
1,1
0,0
0,0
0,1
1,1
1,1
1,1
0,0
1,1
0,0
1,1
1,1
1,1
1,1
1,1
0,1
1,1
1,1
1,1
1,1
1,1
0,1
1,1
1,1
1,1
1,1
1,1
0,0
1,1
0,0
1,1
0,0
1,1
1,1
0,0
0,0
1,1
0,0
0,0
0,0
1,1
1,1
1,1
0,0
0,0
0,0
1,1
0,0
1,1
0,0
1,1
0,0
1,1
1,1
1,1
1,1
0,0
0,0
1,1
0,0
1,1
0,0
1,1
1,1
1,1
1,1
0,0
1,1
1,1
1,1
0,0
1,1
1,1
0,1
1,1
0,0
1,1
1,1
1,1
1,1
1,1
1,1
1,1
0,0
0,0
0,0
1,1
0,0
1,1
1,1
1,1
1,1
1,1
0,0
1,1
0,0
0,0
1,1
0,0
0,1
0,0
1,1
1,1
0,0
1,1
1,1
1,1
0,1
1,1
0,0
0,0
0,0
1,1
0,0
1,1
0,0
1,1
0,0
1,1
0,0
1,1
0,0
1,1
1,1
1,1
1,1
1,1
1,1
1,1
0,0
0,0
1,1
0,0
1,1
1,1
0,1
0,0
0,0
0,0
1,1
0,1
1,1
1,1
1,1
1,1
0,0
1,1
1,0
1,1
1,1
0,0
1,1
0,0
0,0
1,1
1,1
1,1
1,1
1,1
1,1
1,1
0,0
0,0
1,1
1,1
1,1
1,1
0,1
1,1
1,1
0,0
0,1
0,0
1,1
1,1
1,1
0,0
1,1
0,0
1,1
1,1
1,1
1,1
1,1
0,0
1,1
0,0
0,0
0,1
0,0
1,1
1,1
1,1
0,0
1,1
1,1
1,1
0,0
0,0
1,1
1,1
1,1
1,0
1,1
1,1
1,1
1,1
1,1
0,0
1,1
0,0
0,0
1,1
1,1
1,1
1,1
1,1
1,1
1,1
1,1
0,0
1,1
1,1
0,0
1,1
0,0
1,1
1,1
1,1
1,1
1,1
1,1
1,1
0,0
0,0
1,0
1,1
1,1
1,1
1,1
0,0
0,0
0,0
1,1
0,0
1,1
1,1
1,1
1,1
1,1
1,1
1,1
1,1
1,1
0,0
1,1
1,1
1,1
1,1
0,0
1,0
1,1
0,1
1,1
0,0
0,0
0,1
0,0
1,1
1,1
0,0
1,1
1,1
0,0
1,1
1,1
0,0
0,0
0,0
1,1
1,1
1,1
1,1
1,1
1,1
0,0
0,0
1,1
0,0
1,1
0,0
1,1
0,0
0,1
1,1
1,1
1,1
0,0
0,0
1,1
1,1
0,0
1,1
0,0
0,0
1,1
1,1
0,0
1,1
0,0
1,1
1,1
1,1
1,1
0,0
0,0
0,0
0,0
1,1
1,1
1,1
1,1
1,1
0,1
1,1
0,0
0,0
0,0
1,0
1,1
1,1
0,0
1,1
1,1
1,1
1,1
0,0
1,1
1,1
0,0
1,1
0,0
1,1
1,1
1,1
1,1
0,0
1,1
0,0
0,0
1,1
0,0
0,0
1,1
1,1
1,1
1,1
1,1
0,0
0,0
1,1
1,1
1,1
1,1
1,1
1,1
1,0
0,1
1,1
1,1
0,0
1,1
1,1
0,0
1,1
1,1
1,1
1,1
1,1
1,1
1,1
0,0
1,1
1,1
0,1
0,0
1,1
1,1
1,1
1,1
1,1
0,0
1,1
1,1
1,1
1,1
1,1
0,0
1,1
1,1
1,1
1,1
1,1
0,0
1,1
1,1
1,1
1,1
0,0
1,1
1,1
1,1
1,1
1,1
1,0
1,1
0,1
1,1
1,1
1,1
0,0
1,1
1,1
0,0
0,0
1,1
1,1
1,1
1,1
1,1
1,1
1,1
1,1
1,1
1,1
1,1
1,1
1,1
0,0
1,1
1,1
1,1
1,1
0,0
0,0
1,1
1,1
1,1
1,1
1,1
1,1
0,0
1,1
1,1
0,0
1,1
0,0
1,1
1,1
1,1
0,1
1,1
0,0
1,1
1,1
1,1
1,1
1,1
1,1
1,1
1,1
0,0
1,1
0,0
0,0
1,1
1,1
0,1
0,0
1,1
1,1
1,1
1,1
0,0
1,1
1,1
1,1
1,1
1,1
0,0
1,1
1,1
1,1
1,1
0,0
1,1
1,1
0,0
1,1
1,1
1,1
1,1
0,0
1,1
1,1
0,0
1,1
0,0
0,0
1,1
1,1
1,1
1,1
1,1
1,1
0,0
1,1
1,1
0,1
1,1
1,1
0,0
0,0
0,0
1,1
0,0
1,1
1,1
1,1
1,1
1,1
1,1
1,0
0,0
0,0
0,1
1,1
1,1
1,1
1,1
1,1
1,1
1,1
0,0
1,1
1,1
0,0
1,1
1,1
1,1
1,1
0,0
1,1
1,1
0,0
1,1
1,1
1,1
1,1
0,0
1,1
1,1
1,1
0,0
1,1
1,1
1,1
1,1
1,1
0,0
1,1
1,1
1,1
1,1
0,0
1,1
1,1
0,0
1,1
1,1
0,0
1,1
0,0
0,0
1,1
1,1
1,1
1,1
1,1
0,0
1,1
1,1
0,0
1,1
1,1
1,1
1,1
1,1
1,1
1,1
1,1
1,1
1,1
1,1
0,0
1,1
1,1
1,1
1,1
0,0
0,0
1,1
1,1
1,1
0,0
1,1
1,1
0,0
0,1
1,1
1,1
1,1
0,0
1,1
1,1
0,0
0,0
0,0
1,1
1,1
0,1
1,1
0,0
1,1
1,1
0,0
1,1
1,1
1,1
1,1
1,1
1,1
1,1
1,1
0,0
1,1
0,1
0,0
1,1
0,0
1,1
1,1
0,0
0,0
1,1
1,1
1,1
1,1
1,1
1,1
1,1
1,1
1,1
1,1
0,0
1,1
1,1
1,1
1,1
1,1
1,1
1,1
1,1
1,1
1,1
0,0
0,0
0,0
1,1
1,1
0,0
1,1
1,1
0,1
0,0
1,1
0,0
1,1
1,1
0,0
1,1
1,1
1,1
1,1
0,0
0,0
1,1
1,1
0,1
1,1
1,1
0,0
1,1
1,1
1,1
1,1
0,0
1,1
1,1
0,0
1,1
0,1
1,1
1,1
1,1
1,1
0,0
1,1
1,1
1,1
0,0
1,1
1,1
1,1
1,1
0,0
0,0
1,1
0,0
1,1
1,1
1,1
0,0
1,1
1,1
1,1
1,1
1,1
1,1
1,1
1,1
0,0
0,0
1,1
1,1
0,0
1,1
1,1
0,0
0,0
1,1
1,1
1,1
1,1
0,0
0,0
1,1
1,1
1,1
1,0
1,1
0,0
1,1
0,0
1,1
0,0
1,1
1,1
1,1
0,0
1,1
1,1
1,1
1,1
1,1
1,1
0,0
1,1
1,0
1,1
0,0
1,1
1,1
1,1
0,0
0,0
1,1
0,0
0,0
1,1
1,1
1,1
0,0
1,1
1,1
1,1
1,1
0,0
0,0
1,1
0,0
1,1
1,1
1,1
1,1
0,0
1,1
1,0
0,0
1,1
1,1
0,0
1,1
1,1
1,1
1,1
0,0
1,1
1,1
1,1
1,1
1,1
1,1
0,0
1,1
1,1
1,1
0,1
0,0
1,1
1,1
0,0
1,1
1,1
1,1
1,1
1,1
0,0
0,0
1,1
1,1
1,1
1,1
1,1
1,1
0,0
0,0
1,1
1,1
0,0
1,1
0,0
1,1
1,1
1,1
1,1
1,0
1,1
1,1
1,1
1,1
0,0
1,1
0,0
1,1
1,1
1,1
1,1
0,0
1,1
1,1
1,1
1,1
1,1
0,0
1,1
1,1
1,1
0,1
0,0
1,1
0,0
0,0
1,1
1,1
0,0
0,0
0,0
0,0
0,0
1,1
1,1
1,1
1,1
1,1
1,1
1,1
0,0
1,1
1,1
1,1
1,1
1,1
0,0
1,1
1,1
1,1
1,1
1,1
1,1
0,0
0,0
0,0
0,0
1,1
1,1
1,1
0,0
1,1
1,1
1,1
0,0
0,0
0,0
1,1
0,0
1,1
1,1
0,0
0,0
1,1
0,0
0,0
1,1
0,0
1,1
0,0
1,1
1,1
1,1
0,0
1,1
1,1
1,1
1,1
1,1
1,1
0,0
0,0
1,1
0,0
1,1
0,0
1,1
0,0
0,0
1,1
1,1
1,1
1,1
1,1
1,1
0,0
0,0
0,1
1,0
1,1
1,1
1,1
1,1
1,1
1,1
1,1
1,1
1,1
1,1
1,1
1,1
1,1
1,1
0,0
0,1
1,1
0,0
0,0
0,0
1,1
1,1
1,1
1,1
0,1
1,1
1,1
1,1
1,1
0,0
1,1
0,0
1,1
0,0
1,1
0,0
0,0
1,1
1,1
0,0
1,1
1,1
1,1
1,1
1,1
1,1
1,1
0,1
1,1
1,1
1,1
1,1
1,1
1,1
1,1
0,0
1,1
1,1
1,1
1,1
0,0
1,1
0,0
1,1
0,0
0,0
0,0
1,1
1,1
1,1
1,1
1,1
1,1
1,1
0,1
1,1
1,1
1,1
1,1
1,1
1,1
0,0
1,1
0,0
1,1
0,0
0,0
0,0
1,1
1,1
0,0
1,1
1,1
0,0
0,0
1,0
1,1
1,1
1,1
1,1
1,1
1,1
1,1
1,1
0,0
1,1
0,0
1,1
1,1
1,1
0,0
0,0
1,1
0,0
0,0
1,1
1,1
1,1
0,0
1,1
0,0
0,0
1,1
0,0
0,0
1,1
1,1
1,1
1,1
1,1
1,1
0,0
1,1
1,1
1,1
1,1
1,1
0,0
0,0
1,1
0,0
1,1
1,1
1,1
1,1
0,0
1,1
1,1
1,1
0,0
1,1
1,1
1,1
1,1
0,0
1,1
0,1
1,1
1,1
1,1
1,1
0,0
1,1
0,0
1,1
1,1
1,1
0,0
0,0
1,1
1,1
1,1
1,1
1,1
1,1
1,1
0,0
0,0
1,1
1,1
0,0
0,0
0,0
0,0
0,0
1,1
1,1
1,1
0,0
0,0
0,0
1,1
0,0
1,1
1,1
0,0
0,0
1,1
1,1
1,1
1,1
1,1
1,1
1,1
1,1
1,1
1,1
0,0
0,0
1,1
1,1
1,1
1,1
1,1
1,1
1,1
1,1
0,0
0,0
0,0
1,1
1,1
1,1
1,1
1,1
1,1
0,0
1,1
0,0
1,1
1,1
1,1
1,1
1,1
1,1
1,1
1,1
0,0
1,1
1,1
1,1
1,1
1,1
1,1
1,1
1,1
1,1
1,1
1,1
1,1
1,1
1,1
1,1
1,1
1,1
0,0
1,1
0,0
1,1
1,1
1,1
1,1
1,1
1,1
1,1
1,1
1,1
1,1
1,1
1,1
1,1
1,1
0,0
1,1
0,0
1,1
1,1
1,1
1,1
1,1
0,0
0,1
0,0
1,1
0,0
1,1
1,1
1,1
0,0
1,1
1,1
1,1
0,0
1,1
1,1
1,1
0,1
1,1
1,1
1,1
1,1
1,1
0,0
1,1
1,1
1,1
1,1
1,1
0,0
1,0
1,1
1,1
0,0
1,1
1,1
1,1
1,1
1,1
1,1
1,1
1,1
1,1
1,1
1,1
1,1
1,1
1,1
1,1
1,1
0,1
0,0
1,1
1,1
1,1
1,1
1,1
0,0
0,0
1,1
1,1
1,1
0,0
1,1
1,1
1,1
0,0
1,1
1,1
1,1
1,1
0,0
1,1
1,1
1,1
1,0
1,1
0,0
0,1
1,1
1,1
1,1
1,1
1,1
1,1
0,0
1,1
1,1
1,1
1,1
0,0
1,1
1,1
1,1
1,1
0,0
1,1
1,1
1,1
0,0
1,1
1,1
0,0
0,0
0,0
1,1
1,1
1,1
1,1
0,0
1,1
1,1
1,1
1,1
1,1
0,0
1,1
1,1
1,1
1,1
0,0
0,0
0,0
1,1
0,0
1,1
1,1
0,0
0,0
1,1
1,1
1,1
1,1
1,1
1,1
1,1
0,0
1,1
1,1
1,1
1,1
0,0
0,0
0,0
1,1
1,1
1,1
1,1
1,1
1,1
1,1
0,0
1,1
1,1
1,1
0,0
1,1
0,0
1,1
0,1
0,0
1,1
0,0
1,0
1,1
1,1
1,1
1,1
1,1
0,1
0,0
1,1
1,1
0,0
1,1
1,1
1,1
1,1
1,1
1,1
1,1
1,1
1,1
1,1
1,1
0,0
0,0
1,0
0,0
0,1
0,0
1,1
1,1
1,1
1,1
1,1
1,1
1,1
0,0
1,1
0,0
0,1
1,1
1,1
1,1
1,1
0,0
1,1
1,1
1,1
1,1
1,1
0,0
1,1
1,1
1,1
1,1
1,1
1,1
1,1
1,1
1,1
1,1
1,1
0,0
1,1
1,1
0,0
1,1
1,1
1,1
0,0
1,1
1,1
1,1
0,0
1,1
1,1
0,0
0,0
0,0
1,1
1,1
0,1
1,1
1,1
1,1
1,1
1,1
1,1
1,1
1,1
1,1
1,1
1,1
1,1
1,1
1,1
1,1
0,0
1,1
0,0
1,1
0,0
1,1
0,0
0,0
1,1
1,1
1,1
0,0
1,1
1,1
1,1
1,1
1,1
0,0
1,1
0,0
1,1
0,0
1,1
1,1
1,1
0,0
0,1
1,1
1,1
0,0
0,0
1,1
1,1
1,1
1,1
1,1
0,0
1,1
1,1
1,1
1,1
1,1
1,1
1,1
1,1
1,1
1,1
1,1
1,1
1,1
1,1
1,1
0,0
1,1
0,0
0,0
1,1
1,1
1,1
1,1
0,0
0,0
1,1
0,0
1,1
0,0
1,1
0,0
1,1
0,0
1,1
1,1
1,1
1,1
1,1
1,1
1,1
1,1
1,1
1,1
1,1
1,1
1,1
1,1
0,0
1,1
1,1
1,1
1,1
1,0
1,1
1,1
0,0
1,1
1,1
1,1
0,0
1,1
1,1
1,1
1,1
0,0
0,0
1,1
1,1
0,0
1,1
1,1
1,1
1,1
1,1
1,1
0,0
1,1
0,0
1,1
1,0
0,0
1,1
1,1
1,1
0,0
1,1
0,0
0,0
0,0
1,1
0,0
1,1
1,1
1,1
0,1
1,1
0,0
1,1
1,1
1,1
1,1
1,1
1,1
0,1
1,1
1,1
1,1
0,0
1,1
1,1
1,1
1,1
1,1
1,1
1,1
0,0
0,0
1,1
0,0
1,1
1,1
1,1
1,1
1,1
1,1
1,1
1,1
1,1
1,1
1,0
1,1
1,1
0,0
0,1
1,1
0,0
1,1
1,1
1,1
0,0
0,0
1,1
1,1
1,1
1,1
1,1
1,1
0,0
1,1
1,1
1,1
1,1
0,1
1,1
1,1
1,1
1,1
1,1
1,1
1,1
1,1
1,1
1,1
1,1
1,1
0,0
1,1
1,1
1,1
1,1
1,1
1,1
1,1
1,1
1,1
1,1
0,0
1,1
1,1
0,0
1,1
1,0
1,1
1,1
1,1
1,1
1,1
1,1
0,0
1,1
1,1
1,1
0,0
1,1
1,1
1,1
1,1
1,1
1,1
1,1
1,1
1,1
1,1
0,0
1,1
1,1
1,1
1,1
0,0
1,1
1,1
1,1
1,1
1,1
1,1
1,1
0,1
1,1
1,1
1,1
1,1
1,1
1,1
0,0
1,1
1,1
1,1
1,1
1,1
1,1
0,1
1,1
1,1
1,1
1,1
1,1
1,1
0,1
1,1
0,0
1,1
1,1
0,0
1,1
1,1
1,1
1,1
0,0
1,1
1,1
1,1
1,1
0,0
1,1
1,1
0,0
1,1
1,1
1,1
1,1
1,1
1,1
1,1
1,1
0,0
1,1
1,1
1,1
1,1
1,1
1,1
1,1
1,1
1,1
1,1
0,0
1,1
0,0
0,0
1,1
0,0
0,0
0,0
1,1
1,1
1,1
1,1
1,1
1,1
1,1
1,1
1,1
1,1
1,1
0,0
0,0
1,1
1,1
1,1
1,1
1,1
1,1
0,0
0,0
1,1
1,1
0,0
1,1
1,1
0,0
1,1
1,1
0,0
0,0
1,1
1,1
0,0
0,1
1,1
0,0
1,0
0,0
1,1
1,1
1,1
1,1
1,1
1,1
1,1
1,1
1,1
1,1
1,1
0,0
1,1
1,1
1,1
1,1
1,1
1,1
1,1
0,0
0,0
1,1
1,1
1,1
0,1
1,1
1,1
1,1
1,1
1,1
1,1
1,1
1,1
1,1
1,1
1,1
1,1
1,1
1,1
1,1
1,1
1,1
1,1
1,1
0,1
0,0
0,0
1,1
0,0
1,1
1,1
1,1
1,1
1,1
0,0
1,1
0,0
1,1
0,0
0,0
1,1
0,0
1,1
1,1
1,1
1,1
1,1
1,1
1,1
1,1
0,0
1,1
1,1
1,1
1,1
1,1
1,1
1,1
1,1
1,1
1,1
1,1
0,0
1,1
0,0
1,1
0,0
1,1
1,1
1,1
0,0
1,1
0,1
1,1
1,1
1,1
1,0
1,1
0,1
1,1
1,1
0,0
1,1
0,0
1,1
1,1
0,0
1,1
0,0
1,1
1,1
0,0
1,1
1,1
1,1
1,1
1,1
0,0
0,0
1,1
0,0
1,1
0,0
1,1
0,0
1,1
0,1
1,1
1,1
1,1
0,0
0,0
1,1
1,1
0,0
1,1
1,1
1,1
1,0
0,0
0,0
1,1
1,1
1,1
0,0
1,1
1,1
1,1
1,1
0,0
0,0
0,1
1,1
1,1
1,1
1,1
1,1
1,1
1,1
1,1
0,1
1,1
0,1
1,1
0,1
0,0
1,1
1,1
1,1
0,0
0,0
0,0
1,1
1,1
1,1
1,1
1,1
0,0
1,1
1,1
0,0
1,1
1,1
0,0
1,1
1,1
1,1
1,1
0,0
1,1
1,1
1,1
0,0
1,1
1,1
1,1
1,1
1,1
1,1
0,1
1,1
1,0
0,0
1,1
1,1
1,1
1,1
1,1
1,1
1,1
1,1
1,1
1,0
0,0
1,1
1,1
0,1
0,0
1,1
1,1
1,1
0,0
1,1
1,1
0,0
1,1
1,1
1,1
1,1
1,1
0,1
1,1
1,1
1,1
1,1
1,1
1,1
1,1
1,1
1,1
1,1
1,1
0,0
1,1
1,1
1,1
1,1
0,0
1,0
1,1
1,1
1,1
1,1
1,1
1,1
1,1
1,1
1,1
0,0
0,0
1,1
1,1
1,1
1,1
1,1
1,1
0,0
1,1
1,1
1,1
1,1
0,1
0,0
1,1
1,1
0,0
1,1
1,1
0,0
0,0
1,1
1,1
1,1
0,0
1,1
0,0
1,1
1,1
0,0
1,1
0,0
1,1
1,1
0,0
0,1
1,1
1,1
0,0
1,1
1,1
1,1
1,0
1,1
1,1
1,1
1,1
0,0
0,0
1,1
1,1
1,1
0,0
0,0
1,1
1,1
1,1
1,1
0,0
0,0
1,1
0,0
0,0
1,1
1,1
1,1
1,1
1,1
1,1
1,1
0,0
0,0
1,1
0,0
1,1
1,1
0,0
0,0
1,1
1,1
1,1
0,0
1,1
0,0
1,1
1,1
1,1
1,1
1,1
1,1
1,1
1,1
0,0
1,1
0,0
0,0
1,1
0,0
1,1
0,0
1,1
0,0
0,0
1,1
1,1
1,1
0,0
1,1
1,1
0,0
1,1
1,1
1,1
0,0
0,0
0,0
1,1
1,1
0,0
0,0
1,0
1,1
0,1
0,0
0,0
0,0
1,1
1,1
1,1
1,1
1,1
0,0
1,1
0,1
1,1
1,1
0,0
0,0
0,1
1,1
0,0
1,1
0,1
1,1
1,1
0,0
0,0
1,1
1,1
0,1
1,1
1,1
1,1
1,1
1,1
0,1
1,1
0,0
0,0
1,1
1,1
1,1
1,1
1,1
1,1
0,0
1,1
1,1
1,1
0,0
0,0
1,1
1,1
1,1
1,1
0,0
1,1
0,0
1,1
0,0
1,1
0,0
1,0
1,1
0,0
1,1
1,1
0,1
0,0
1,1
1,1
1,1
1,1
1,1
1,1
1,1
1,1
1,1
0,0
1,1
0,0
1,1
1,1
1,1
1,1
1,1
0,0
1,1
0,0
0,0
0,0
1,1
1,1
0,0
1,1
1,1
1,1
0,0
1,1
1,1
0,0
1,1
1,1
1,1
1,1
1,1
1,1
0,0
0,0
1,1
0,0
1,1
1,1
1,1
1,1
1,1
0,0
1,1
0,0
1,1
1,1
1,1
0,0
1,1
1,1
0,0
1,1
1,1
1,1
1,1
1,1
1,1
1,1
0,0
1,1
0,0
1,1
1,1
0,0
0,0
0,0
1,1
1,1
0,0
0,0
1,1
1,1
1,1
0,0
1,1
1,1
1,1
0,0
1,1
1,1
1,1
0,0
1,1
0,0
0,0
1,1
1,1
1,1
0,0
1,1
1,1
0,0
1,1
1,1
1,1
0,0
0,0
1,1
1,1
1,1
0,0
1,1
1,1
1,1
1,1
1,1
1,1
1,1
1,1
0,0
1,1
1,1
1,1
1,1
1,1
1,1
1,1
0,0
1,1
1,1
0,0
1,1
0,0
1,1
1,1
1,1
1,1
1,1
1,1
0,0
1,1
1,1
1,1
0,0
1,1
1,1
1,1
1,1
0,0
0,1
1,1
1,1
1,1
1,1
0,0
1,1
0,1
0,0
1,1
0,0
1,1
1,1
1,1
1,1
1,0
0,0
1,1
1,1
1,1
1,1
1,1
1,1
1,1
1,1
0,0
1,1
1,1
1,1
1,1
1,1
1,1
1,1
1,1
0,0
0,0
1,1
1,1
0,0
0,1
1,0
1,1
1,1
1,1
1,1
1,1
1,1
1,1
1,1
1,1
1,1
1,1
1,1
1,1
0,0
1,1
1,1
1,1
0,0
0,0
1,1
1,1
1,1
1,1
1,1
1,1
1,1
1,1
0,1
1,1
1,1
1,1
1,1
1,1
1,1
0,0
1,1
1,1
1,1
1,1
1,1
1,1
1,1
0,0
0,0
1,1
0,0
1,1
1,1
1,1
1,1
1,1
0,0
1,1
0,0
0,0
1,1
0,0
1,1
0,0
1,1
1,1
1,1
0,0
1,1
1,1
0,0
1,1
1,1
1,1
1,1
0,0
1,1
0,1
0,0
1,1
1,1
1,1
1,1
0,0
1,1
1,1
1,1
0,0
1,1
0,0
1,1
1,1
1,1
1,1
1,1
1,1
0,0
1,1
1,1
1,1
1,1
0,0
1,1
1,1
1,1
0,0
1,1
1,1
0,0
0,0
1,1
0,0
0,0
1,1
0,0
1,1
1,1
1,1
1,1
1,1
1,0
1,1
1,1
1,1
0,0
1,1
1,1
0,0
1,1
0,0
1,1
1,1
0,0
1,1
1,1
1,1
1,1
1,1
0,0
1,1
1,1
1,1
1,1
1,1
1,1
1,0
0,0
1,1
1,1
1,1
1,1
1,1
1,1
0,0
1,1
1,1
1,1
1,1
1,1
1,1
0,1
1,1
1,1
1,1
1,1
0,0
1,1
1,1
1,1
1,1
0,0
1,1
0,0
1,1
1,1
1,1
1,1
1,1
1,1
1,1
1,1
1,1
1,1
1,1
1,1
1,1
1,1
0,1
1,1
1,1
1,1
1,1
1,1
1,1
0,0
0,0
1,1
1,1
1,1
1,1
1,1
1,1
0,0
1,1
1,1
0,0
0,0
1,1
1,1
0,0
1,1
0,0
0,0
1,1
1,1
1,1
0,1
1,1
1,1
1,1
1,1
1,1
0,0
1,1
1,1
1,1
1,1
1,1
1,1
0,0
1,1
1,1
1,1
1,1
1,1
1,1
1,1
1,1
1,1
1,1
1,1
1,1
0,0
1,1
1,1
1,1
1,1
1,1
1,1
1,1
0,0
1,1
1,1
1,1
0,0
1,1
1,1
1,1
0,0
1,1
1,1
1,1
1,1
1,1
0,0
1,1
0,0
1,1
1,0
1,1
1,1
1,1
1,1
0,1
1,1
1,1
1,1
1,1
1,1
0,0
1,1
1,1
0,0
0,0
0,0
1,1
1,1
1,1
0,0
1,1
1,1
1,1
1,1
1,1
1,1
1,1
1,1
1,1
1,1
1,1
1,1
1,1
0,0
0,0
0,0
0,0
0,0
1,1
1,1
0,0
0,0
1,1
0,0
1,1
0,1
1,1
0,0
0,0
1,1
1,1
1,1
0,0
0,0
1,1
1,1
1,1
1,1
1,1
1,1
1,1
1,1
0,0
1,1
0,0
0,0
1,1
1,1
1,1
1,1
1,1
1,1
1,1
1,1
1,1
0,0
1,1
1,1
0,0
1,1
0,0
0,0
1,1
1,1
1,1
0,0
1,1
1,1
1,1
1,1
0,0
0,0
1,1
1,1
1,1
1,1
0,0
1,1
1,1
1,1
0,0
0,0
0,0
0,0
1,1
1,1
1,1
0,0
1,1
1,1
0,1
1,1
1,1
0,0
1,1
1,1
0,1
1,1
1,1
1,1
1,1
0,0
0,0
0,0
1,1
0,0
1,1
1,1
1,1
1,1
1,1
1,1
1,1
0,0
1,1
1,1
1,1
1,1
1,1
1,1
1,1
0,0
0,1
1,1
0,0
0,0
0,0
1,1
1,1
0,1
1,1
1,1
1,1
1,1
0,0
1,1
0,0
1,1
1,1
1,1
0,0
1,1
1,1
0,0
1,1
1,1
1,1
1,1
0,0
1,1
1,1
1,0
0,0
1,1
1,1
0,0
1,1
1,1
1,1
1,1
0,0
1,1
1,1
1,1
1,1
1,1
0,0
0,0
1,1
1,1
1,1
1,1
0,0
1,1
1,1
1,1
0,0
0,0
0,0
0,0
1,1
1,1
1,1
1,1
1,1
1,1
1,1
1,1
0,0
1,1
0,0
1,1
0,1
0,0
1,1
1,1
0,1
1,1
0,0
1,1
0,0
1,1
0,0
0,1
1,1
0,0
1,1
1,1
1,1
1,1
1,1
1,1
1,1
1,1
0,0
1,1
1,1
1,1
1,1
1,1
1,1
0,0
1,1
0,0
0,0
0,0
1,1
0,0
1,1
1,0
1,1
1,1
1,1
1,1
1,1
1,1
1,1
0,0
0,0
1,1
1,1
0,0
1,0
0,1
0,0
1,1
1,1
0,0
1,1
1,1
1,1
1,1
0,0
0,0
1,1
1,1
1,1
1,1
0,0
1,1
1,1
1,1
0,0
1,1
1,1
0,0
1,1
1,1
0,0
1,1
1,1
1,1
1,1
1,1
1,1
0,1
1,1
1,1
0,1
1,1
0,0
1,1
1,1
0,0
1,1
1,1
1,1
1,1
1,1
1,1
1,1
0,0
0,0
0,0
0,0
0,0
1,1
1,1
1,0
0,1
1,1
1,1
1,1
1,1
1,1
0,0
0,0
0,0
1,1
0,0
1,1
1,1
0,0
1,1
1,1
1,0
1,1
1,1
1,1
0,0
1,1
1,1
1,1
1,1
0,0
1,1
1,1
1,1
0,0
0,0
1,1
1,1
1,1
1,1
1,1
0,0
1,1
1,1
1,1
1,1
0,0
0,0
1,1
0,0
0,0
0,1
0,0
1,1
0,0
0,0
0,0
1,1
1,1
0,0
0,0
1,1
0,0
0,0
1,1
1,1
1,1
1,1
0,0
1,1
0,0
1,1
1,1
0,0
1,1
1,1
1,1
1,0
1,1
1,1
0,0
1,1
0,0
1,1
1,1
1,1
0,0
1,1
1,1
0,0
1,1
0,0
1,1
1,1
1,1
0,0
1,1
1,1
1,1
1,1
0,0
1,1
1,1
0,0
1,1
0,1
1,1
1,1
1,1
1,1
1,1
1,1
0,0
1,1
1,1
1,1
1,1
1,1
0,0
0,0
1,1
0,0
0,0
1,1
0,0
1,1
1,1
0,1
1,1
1,1
0,0
1,1
1,1
1,1
1,1
1,1
1,1
1,1
1,1
0,0
0,0
1,1
1,1
0,0
1,1
1,1
1,1
1,1
0,0
0,0
0,0
1,1
1,1
1,1
1,1
1,1
1,1
0,0
0,0
1,1
1,1
0,1
1,1
0,0
1,1
0,0
0,0
0,1
1,1
1,1
1,1
1,1
0,0
1,1
1,1
1,1
1,1
0,1
1,1
1,1
0,0
1,1
1,1
1,1
1,1
0,0
1,1
1,1
0,0
1,1
0,0
1,1
1,1
1,1
1,1
0,0
0,0
0,0
1,1
1,1
1,1
1,1
1,1
1,1
1,1
1,1
0,0
1,1
1,1
1,1
1,1
1,1
1,1
1,1
1,1
1,1
1,1
0,0
1,1
1,1
0,0
1,1
1,1
1,1
1,1
1,1
1,1
1,1
1,1
1,1
1,1
1,1
1,1
1,1
0,0
0,0
1,1
1,1
1,1
1,1
1,1
1,1
1,1
1,1
1,1
1,1
0,0
1,1
1,1
0,1
1,1
1,1
1,1
1,1
1,1
1,1
1,1
1,1
0,0
1,1
0,0
0,0
1,1
1,1
1,1
1,1
1,1
1,1
0,0
0,1
1,0
0,1
1,1
1,1
1,1
1,1
1,1
0,0
1,1
0,0
1,1
1,1
1,1
1,1
1,1
1,1
1,1
1,0
1,1
0,0
1,1
0,0
1,1
1,1
1,1
0,0
1,1
1,1
0,0
1,1
1,1
1,1
0,0
0,1
1,1
1,1
0,0
1,1
1,1
1,1
1,1
1,1
1,1
1,1
1,1
1,1
1,1
1,1
1,0
0,1
0,0
1,1
1,1
1,1
1,1
0,1
1,1
0,0
0,0
1,1
1,1
0,0
1,1
1,1
1,1
1,1
1,1
1,1
1,1
1,1
1,1
1,1
1,1
1,1
1,0
0,1
1,1
0,0
1,1
1,1
0,0
1,1
1,1
0,0
1,1
1,1
1,1
1,1
1,1
1,1
0,0
1,1
0,0
1,1
0,0
1,1
1,1
1,1
1,1
1,1
0,0
1,1
1,1
1,1
0,0
1,1
1,1
1,1
1,1
1,0
1,1
1,1
0,0
1,1
1,1
1,1
1,1
1,1
0,0
0,0
1,1
1,1
0,0
1,1
1,1
1,1
1,1
1,1
1,1
1,1
0,0
0,0
0,0
1,1
1,1
0,0
1,1
1,1
1,1
0,0
0,0
1,1
1,1
1,1
1,1
1,1
1,1
1,1
0,0
1,1
1,1
1,1
1,1
1,1
1,1
0,1
1,1
0,0
1,1
1,1
1,1
1,1
1,1
1,1
1,1
0,0
1,1
1,1
1,1
1,1
1,1
1,1
1,1
1,1
1,1
1,0
1,1
1,1
0,0
1,1
1,1
1,1
0,0
1,1
1,1
1,1
1,1
1,1
1,1
0,0
0,0
1,1
1,1
1,1
0,0
1,1
0,0
1,1
1,1
1,1
0,0
1,1
1,1
1,1
0,0
0,1
1,1
0,0
0,0
1,1
1,1
1,1
1,1
1,1
0,0
0,0
1,1
1,0
1,1
1,1
1,1
1,1
0,0
1,1
1,1
1,1
1,1
1,0
0,0
1,1
0,0
0,0
1,1
1,1
1,1
0,0
1,1
0,0
0,1
1,0
0,0
0,0
1,1
1,1
1,1
1,1
1,1
1,1
0,0
1,1
1,1
1,1
1,1
1,1
1,1
1,1
0,0
1,1
1,1
1,1
0,0
1,1
1,1
1,1
1,1
0,0
1,1
1,1
0,0
1,1
1,1
0,0
1,1
1,1
1,1
1,1
0,0
1,1
1,1
1,1
1,1
1,1
1,1
0,0
0,0
1,1
1,1
1,1
1,1
0,0
1,1
1,1
0,0
0,0
1,1
1,1
1,1
1,1
1,1
1,1
0,0
1,1
1,1
0,0
1,1
0,0
1,1
1,1
1,1
1,1
1,1
1,1
1,1
1,1
1,1
1,1
1,1
0,0
0,0
1,1
1,1
1,1
1,1
1,1
1,1
0,0
1,1
0,0
1,1
0,0
1,1
1,1
1,1
0,0
1,1
1,1
1,1
1,1
1,1
1,1
1,1
0,0
1,1
0,0
1,1
0,1
1,1
1,1
1,1
1,1
1,1
1,1
1,1
1,1
1,1
1,1
1,1
1,1
0,0
1,1
0,0
1,1
1,1
1,1
1,1
1,1
1,1
0,0
1,1
1,1
1,1
1,1
1,1
1,1
0,0
1,1
1,1
1,1
1,1
1,1
1,1
1,1
1,1
1,1
1,1
1,1
1,1
1,1
1,1
0,0
0,0
1,1
1,1
1,1
1,1
0,0
1,1
0,0
0,0
1,1
1,1
0,0
0,0
0,0
1,1
1,1
1,1
1,1
1,1
0,0
1,1
1,1
0,0
1,1
1,1
1,1
0,1
1,1
1,1
1,1
1,1
1,1
1,1
0,0
1,1
1,1
1,1
0,0
0,0
1,1
1,1
1,1
1,1
1,1
0,0
1,1
1,1
1,1
1,1
1,1
1,1
0,0
1,1
1,1
1,1
1,1
1,1
1,1
1,1
0,0
1,1
1,1
0,1
0,0
1,1
1,1
1,1
1,1
0,0
1,0
0,0
1,1
0,0
0,0
0,0
1,1
1,1
1,1
0,1
1,1
1,1
1,1
1,1
1,1
1,1
1,1
1,1
0,0
1,1
1,1
1,1
1,1
0,0
0,0
1,1
0,1
1,1
1,1
1,1
1,1
1,1
1,1
1,1
1,1
1,1
1,1
1,1
1,1
1,1
1,1
1,1
1,1
1,1
1,1
1,1
1,1
1,1
0,0
1,1
0,0
0,0
0,0
0,0
1,1
1,1
0,1
1,1
0,0
1,1
1,1
1,1
1,1
0,1
0,0
0,0
1,1
0,0
1,1
1,1
1,1
1,1
0,0
1,1
0,0
0,0
0,0
0,0
0,0
1,1
1,1
0,0
0,0
0,0
1,1
1,1
1,1
1,1
1,1
1,1
1,1
0,0
1,1
0,0
0,0
0,0
1,1
1,1
1,1
1,1
1,1
1,1
1,1
0,0
1,1
1,1
1,1
1,1
0,0
1,1
1,1
1,1
0,0
1,1
1,1
1,1
0,0
0,0
1,1
1,1
1,1
1,1
1,1
0,1
1,1
0,0
1,1
1,1
1,1
1,1
1,1
1,1
0,0
1,1
0,0
0,0
0,0
1,1
1,1
1,1
1,1
0,1
1,1
0,0
0,0
0,0
1,1
0,0
1,1
1,1
1,1
0,0
1,1
1,1
1,1
1,1
0,0
1,1
0,0
1,1
0,1
1,1
1,1
0,0
1,1
1,1
0,0
0,0
1,1
0,0
0,0
0,1
1,1
0,0
1,1
0,0
1,1
1,1
1,1
0,0
0,0
1,1
1,1
1,1
1,1
1,1
1,1
1,1
1,1
1,1
1,1
0,0
1,1
1,1
1,1
1,1
0,0
1,1
1,1
1,1
1,1
0,0
1,1
0,0
1,1
1,1
1,1
0,0
0,0
1,1
1,1
1,1
1,1
1,1
1,1
0,0
0,0
0,0
1,1
1,1
1,1
0,0
1,1
1,1
1,1
0,0
1,1
1,1
1,1
1,1
0,1
0,0
0,0
0,1
1,1
1,1
1,1
0,0
0,0
1,1
1,1
0,0
1,1
0,0
1,1
1,1
0,0
1,1
0,0
0,0
1,1
1,1
1,1
1,1
1,1
1,1
1,1
1,1
1,1
1,1
1,1
0,0
1,1
1,1
0,0
1,1
1,1
1,1
1,1
1,1
1,1
0,1
1,1
0,0
1,1
1,1
1,1
1,1
1,1
1,1
0,0
1,1
1,1
1,1
0,0
1,1
1,1
0,0
1,1
0,0
1,1
1,1
0,0
1,1
0,0
1,1
1,1
1,1
0,0
1,1
1,1
1,1
1,1
1,1
0,0
1,1
1,1
0,0
1,1
1,1
1,1
1,1
1,1
0,0
0,0
1,1
1,1
0,0
0,0
0,0
1,1
1,1
1,1
0,0
0,0
1,1
0,0
1,1
1,1
1,1
0,0
0,0
1,1
1,1
1,1
0,0
1,1
1,1
0,0
0,0
1,1
1,1
0,0
1,1
1,1
0,0
0,1
1,1
1,1
1,1
1,0
1,1
1,1
1,1
0,0
0,1
1,1
0,0
1,1
1,1
1,1
0,0
1,1
1,1
1,1
1,1
1,1
1,1
0,0
1,1
1,1
0,0
1,1
0,0
1,1
1,1
1,1
1,1
1,1
1,1
1,1
0,0
1,1
1,1
1,1
1,1
1,1
1,1
1,1
0,0
1,1
1,1
0,0
1,1
1,1
0,0
1,1
1,1
1,1
1,1
1,1
0,0
0,0
1,1
1,1
1,1
1,1
1,1
1,1
1,1
0,0
1,1
1,1
0,0
1,1
0,0
1,1
1,1
1,1
1,1
0,0
1,1
1,1
1,1
1,1
1,1
1,1
0,0
0,0
1,1
1,1
0,0
0,0
0,1
1,0
1,1
1,1
1,1
0,0
1,1
1,1
1,1
0,0
1,1
1,1
1,1
1,1
1,1
0,0
1,1
1,1
1,1
0,0
1,1
1,1
1,1
1,1
0,0
1,1
1,1
0,0
1,1
1,1
1,1
1,1
1,1
1,1
0,1
0,0
1,1
1,1
0,0
1,1
1,1
1,1
1,1
1,1
1,1
1,1
0,0
0,0
1,1
1,1
1,1
1,1
1,1
0,0
1,1
0,0
1,1
1,1
0,1
0,0
1,1
1,1
1,1
1,1
1,1
1,1
0,0
1,1
1,1
0,1
1,1
1,1
1,1
1,1
1,1
1,1
1,1
1,1
1,1
0,0
1,0
1,1
1,1
1,1
1,1
1,1
1,1
1,1
0,0
1,1
0,0
1,1
1,1
1,1
1,1
1,1
1,1
1,1
1,1
1,1
1,1
1,1
0,0
1,1
1,0
0,0
1,1
1,1
1,1
0,0
0,1
1,1
1,1
1,1
1,1
0,0
1,1
0,1
1,1
1,1
1,1
1,1
0,0
1,1
1,1
1,1
0,0
1,1
0,0
1,1
1,1
0,0
0,0
1,1
1,1
1,1
1,1
1,1
0,0
1,1
1,1
1,1
1,1
1,1
0,0
1,0
0,0
1,1
1,1
1,1
1,1
1,1
0,0
1,1
1,1
1,1
0,0
1,1
1,1
0,0
1,0
0,0
0,0
1,1
0,0
1,1
0,0
1,0
1,1
0,1
1,1
0,0
1,1
1,1
0,0
0,0
1,1
1,1
1,1
1,1
1,1
1,1
1,1
1,1
1,1
1,1
1,1
0,0
1,1
1,1
1,1
1,1
1,1
1,1
1,1
0,0
1,1
1,1
0,0
1,1
1,1
1,1
1,1
1,1
1,1
1,1
1,1
1,1
1,1
1,1
0,0
1,1
1,1
0,0
1,1
0,0
0,0
0,0
0,1
0,0
0,0
1,1
1,1
1,1
1,1
1,1
1,1
0,0
1,1
1,1
1,1
1,1
1,1
0,0
0,0
1,1
1,1
0,0
0,0
0,0
1,1
1,1
1,1
0,0
0,0
1,1
1,1
1,1
1,1
1,1
1,1
0,1
1,1
1,1
1,1
1,1
1,1
1,1
1,0
1,1
1,1
1,1
1,1
1,1
0,1
1,1
0,0
1,1
0,0
0,0
1,1
1,1
0,0
0,0
0,0
1,1
0,0
0,1
1,1
0,0
1,1
1,1
0,0
1,1
1,1
0,0
0,0
0,1
0,0
0,0
0,0
1,1
1,1
1,1
1,1
1,1
1,1
0,0
1,1
1,1
1,1
0,0
0,0
0,0
0,0
1,1
0,0
0,1
1,1
0,0
1,1
0,0
1,1
1,1
1,1
1,1
1,1
1,1
1,1
1,1
1,1
1,1
1,1
1,1
1,1
1,1
1,1
0,1
1,1
0,0
1,1
1,1
1,1
1,1
1,1
1,1
1,1
0,0
1,1
1,1
1,1
1,1
1,1
0,1
1,1
1,1
0,0
0,0
0,0
1,1
0,0
0,0
1,1
1,1
1,1
0,1
1,1
1,1
1,1
1,1
1,1
1,1
1,1
0,0
0,0
1,1
0,0
1,1
1,1
0,0
1,1
0,0
0,0
0,0
1,1
0,0
1,1
1,1
0,0
1,1
0,0
1,1
0,1
1,1
0,0
0,0
1,1
1,1
1,1
0,0
1,1
0,1
0,1
0,0
1,1
1,1
1,1
1,1
1,1
1,1
1,1
1,1
1,1
0,0
1,1
1,1
1,1
1,1
0,0
1,1
0,1
1,1
1,1
0,0
1,1
1,1
1,1
1,1
1,1
1,1
0,1
0,0
0,0
1,1
0,0
1,1
0,1
1,1
1,1
1,1
1,1
1,1
1,1
0,0
1,1
1,1
0,0
1,1
1,1
1,1
1,1
1,1
0,0
0,0
1,1
1,1
0,0
1,1
1,1
1,1
1,1
1,1
1,1
1,1
1,1
0,0
1,1
1,1
1,1
1,1
1,1
0,0
1,1
1,1
1,1
1,1
1,1
0,0
1,1
1,1
1,1
1,1
0,0
1,1
1,1
1,1
1,1
1,1
1,1
0,0
1,1
1,1
1,1
0,0
1,1
1,1
1,1
0,0
1,1
0,0
1,1
1,1
0,0
0,0
0,1
1,1
0,0
1,0
1,1
1,1
0,0
1,1
1,1
1,1
1,1
1,1
1,1
1,1
1,1
1,1
1,1
1,1
1,1
0,1
1,1
1,1
1,1
1,1
1,1
1,1
1,1
0,0
0,0
1,0
1,1
1,1
1,1
0,0
1,1
1,1
0,0
1,1
1,1
0,0
0,0
1,1
1,1
0,0
1,1
0,0
0,0
0,0
1,1
1,1
1,1
0,0
1,1
1,1
1,1
1,1
0,0
0,0
1,1
1,1
1,1
1,1
0,0
1,1
0,0
1,1
1,1
0,0
1,1
0,0
0,0
1,1
1,1
1,1
1,1
0,0
1,1
0,0
0,0
1,1
0,0
1,1
1,1
1,1
1,1
1,1
0,0
0,0
0,1
1,1
0,0
1,1
0,1
1,1
1,1
1,1
1,1
1,1
1,1
1,1
1,1
1,1
1,1
1,1
1,1
1,1
1,1
1,1
0,0
1,1
1,1
1,1
1,1
1,1
0,1
1,1
1,1
0,1
1,1
1,1
1,1
1,1
1,1
0,0
0,0
1,1
0,0
1,1
1,1
0,0
1,1
1,1
0,0
0,0
1,1
0,0
0,0
1,1
1,1
1,1
1,1
1,1
1,1
0,1
0,1
1,0
0,0
0,0
1,1
1,1
0,0
1,1
1,1
1,1
1,1
1,1
1,1
0,0
0,0
1,1
1,1
1,1
1,1
1,1
1,1
1,1
1,1
1,1
0,0
1,1
0,0
1,1
1,1
1,1
0,1
0,1
1,1
0,0
0,0
0,0
0,0
1,1
1,1
1,1
1,1
1,1
1,1
1,1
1,1
1,1
0,0
1,1
1,1
0,0
1,1
1,1
0,0
1,1
1,1
1,1
0,0
1,1
1,1
1,1
1,1
1,0
1,1
1,1
1,1
1,1
1,1
0,1
1,1
1,1
0,0
1,1
1,1
1,1
0,0
1,1
1,1
1,1
0,0
1,0
0,0
0,0
1,1
1,1
1,1
1,1
0,0
0,0
1,1
0,0
0,0
1,1
0,0
1,1
1,1
1,1
1,1
0,0
1,0
0,0
0,0
1,1
1,1
1,1
0,1
1,1
1,1
0,0
0,1
1,1
1,1
0,0
0,0
1,1
0,0
1,1
0,0
0,0
1,1
1,1
1,1
1,1
1,1
1,0
1,1
1,1
1,1
1,1
0,0
1,1
0,0
1,1
1,1
1,1
0,0
1,1
1,1
1,1
1,1
1,1
0,0
1,1
1,1
1,1
1,1
1,1
1,1
1,1
1,1
1,1
1,1
1,1
1,1
1,1
1,1
0,0
1,1
1,1
1,1
0,0
0,0
1,1
1,1
0,0
1,1
1,1
1,1
1,1
1,1
1,1
0,0
1,1
0,0
1,0
0,0
1,1
0,0
1,1
1,1
1,1
0,0
1,1
1,0
1,1
1,1
1,1
0,0
1,1
1,0
0,0
1,1
1,1
1,1
1,1
1,1
1,1
0,1
1,1
1,1
1,1
0,0
1,1
1,1
1,1
0,0
1,1
1,1
0,0
1,1
0,0
0,0
0,0
1,1
1,1
1,1
1,1
1,1
1,1
1,1
1,1
0,0
1,1
1,1
0,0
0,0
1,1
1,1
1,1
1,1
1,1
0,0
0,0
0,0
1,1
1,1
1,1
1,1
0,0
1,1
1,1
0,0
1,1
1,1
0,0
1,1
1,1
1,1
1,1
1,1
0,0
1,1
1,1
0,0
1,1
1,1
1,1
1,1
1,1
1,1
0,0
0,0
1,1
1,1
1,1
1,1
0,0
1,1
1,1
1,1
1,1
1,1
1,1
1,1
0,0
1,1
1,1
1,1
1,0
1,1
1,1
1,1
1,1
1,1
0,0
1,1
1,1
1,1
0,1
0,0
1,1
1,1
1,1
1,1
0,0
1,1
1,1
1,1
1,1
1,1
1,1
1,1
1,1
0,0
1,1
1,1
1,1
0,0
1,1
0,0
1,1
1,1
0,1
0,0
1,1
0,0
1,1
0,1
1,1
0,0
1,1
1,1
0,0
0,1
1,1
0,0
1,1
0,0
0,1
0,0
1,1
1,1
0,0
1,1
0,0
1,1
0,0
1,1
1,1
1,1
0,0
1,1
0,0
1,1
1,1
0,0
1,1
1,1
0,0
0,0
1,1
1,1
1,1
0,0
1,1
1,1
1,1
1,1
1,1
1,1
1,1
0,0
1,1
1,1
0,0
0,0
1,1
1,1
1,1
1,1
1,1
1,1
1,1
0,0
1,1
1,1
1,1
0,0
1,1
1,1
1,1
0,0
1,1
0,0
1,1
0,0
1,1
0,0
0,0
1,1
1,1
1,1
0,0
0,0
1,1
1,1
0,0
1,1
1,1
1,1
0,0
0,0
1,1
0,0
1,1
0,0
1,1
1,1
1,1
0,0
1,1
0,0
1,1
1,1
1,1
1,1
1,1
0,0
0,0
1,1
1,1
1,1
1,1
0,0
1,1
1,1
1,1
1,1
1,1
1,1
0,0
1,1
1,1
0,0
1,1
1,1
1,1
0,0
1,1
1,1
0,0
1,1
1,1
1,1
1,1
0,0
1,1
1,1
1,1
1,1
1,1
0,0
1,1
1,1
0,0
1,1
0,0
1,1
0,0
1,0
1,1
0,0
0,0
1,1
1,1
1,1
1,1
1,1
1,1
0,0
1,1
1,1
1,1
1,1
1,1
1,1
1,1
1,1
0,0
1,1
1,0
1,1
1,1
0,0
1,1
1,1
1,1
1,1
1,1
1,1
1,1
1,1
0,0
0,1
1,1
0,0
1,1
0,0
1,1
0,0
1,1
0,0
1,1
0,0
1,1
1,1
1,1
0,1
1,1
1,1
0,0
0,0
1,1
1,1
1,1
1,1
1,1
1,1
1,1
1,1
1,1
1,1
1,1
1,1
1,1
0,0
1,1
1,1
1,1
1,1
1,1
0,0
1,1
0,0
0,0
1,1
0,0
1,1
1,1
1,1
0,0
0,0
1,1
1,1
1,1
0,0
1,1
0,1
1,1
0,0
1,1
1,1
1,1
1,1
1,1
1,1
0,0
1,0
1,1
0,0
1,1
1,1
0,0
1,1
1,1
0,1
1,1
0,0
0,0
1,1
0,0
1,1
0,0
1,1
1,1
1,1
1,1
1,1
0,0
1,1
1,1
1,1
1,1
0,0
1,1
0,0
1,1
1,1
0,0
1,1
1,1
1,1
1,1
0,0
0,0
1,1
1,1
1,1
1,1
0,0
0,0
1,1
0,0
0,0
0,1
1,1
0,0
1,1
1,1
0,1
1,1
0,0
1,1
1,1
1,1
1,1
1,1
1,1
0,0
0,1
1,1
1,1
1,1
1,1
0,0
1,0
1,1
0,0
0,0
1,1
0,0
1,1
1,1
0,0
1,1
1,1
0,0
1,1
0,0
1,1
1,1
1,0
0,0
1,1
0,1
1,1
1,1
1,1
0,0
1,1
1,1
1,1
1,1
1,1
1,1
0,0
1,1
1,1
0,1
1,1
1,1
0,0
0,0
1,1
1,1
1,1
1,1
0,0
1,1
1,1
1,1
1,1
1,1
1,1
1,1
0,0
0,0
1,1
0,1
1,1
1,1
1,1
1,1
1,1
1,1
0,0
1,1
1,1
1,1
1,1
0,0
1,1
1,0
1,1
0,0
1,1
1,1
1,1
0,0
1,1
1,1
0,0
1,1
1,1
0,0
0,0
0,0
0,1
1,1
0,0
1,1
1,1
0,0
1,1
1,1
1,1
0,0
0,0
1,1
1,1
0,0
1,1
0,0
0,0
0,0
0,1
1,1
1,1
0,0
1,1
1,1
1,1
1,1
0,0
1,1
1,1
1,1
1,1
1,1
1,1
0,1
1,1
1,1
1,1
1,1
1,1
1,1
1,1
0,1
0,0
1,1
1,1
1,1
1,1
1,1
0,0
1,1
0,0
0,0
1,1
1,1
0,0
1,1
1,1
1,1
1,1
1,1
0,0
0,0
1,1
1,1
0,0
1,1
1,1
1,1
0,0
1,1
1,1
1,1
1,1
1,1
0,0
1,1
1,1
1,1
1,1
1,1
1,1
1,1
1,1
1,1
0,0
1,1
0,0
1,1
1,1
1,1
1,1
1,1
0,0
1,1
1,1
1,1
1,1
1,1
1,1
1,1
1,1
0,0
1,1
1,1
0,0
0,0
1,1
0,0
1,1
1,1
1,1
1,1
1,1
0,0
1,1
1,1
1,1
1,1
1,1
1,1
1,1
0,0
1,1
1,1
1,1
1,1
0,1
1,1
1,1
0,0
1,1
0,0
1,1
1,1
1,0
0,0
1,1
1,1
1,1
0,0
0,0
1,1
1,1
1,1
1,1
1,1
0,0
1,1
0,0
1,1
1,1
1,1
0,0
1,1
1,1
1,1
1,1
1,1
0,0
0,0
0,0
1,1
1,1
0,0
1,1
1,1
1,1
1,1
0,0
1,1
1,1
0,1
1,1
1,1
1,1
0,0
1,1
1,1
1,1
1,1
1,1
1,1
1,1
1,1
1,1
1,1
1,1
1,1
1,1
0,0
1,1
1,1
0,0
1,1
1,1
1,1
0,0
0,0
0,0
0,0
0,0
1,1
0,0
1,1
1,1
1,1
0,0
0,0
0,0
0,0
1,1
1,1
1,1
1,1
1,1
1,1
1,1
1,1
1,1
1,1
1,1
1,1
1,1
1,1
1,1
1,1
1,1
0,0
0,0
1,1
0,0
0,0
1,1
1,1
0,0
0,0
1,1
1,1
1,1
1,1
1,0
1,1
1,1
1,1
1,1
0,0
1,1
0,0
0,0
0,0
1,1
0,0
1,1
1,1
1,1
0,0
1,1
1,1
1,1
0,0
1,1
1,1
1,1
1,1
1,1
1,1
1,1
1,1
1,1
1,1
1,1
1,1
0,0
1,1
1,1
0,0
1,1
1,1
1,1
1,1
1,1
1,1
1,1
0,0
0,0
1,1
1,1
1,1
1,1
1,1
1,1
1,1
1,1
0,0
1,1
1,1
1,1
1,1
1,1
0,0
1,1
1,1
1,1
1,1
1,1
0,1
0,0
0,0
0,0
0,0
1,1
1,1
1,1
1,1
1,0
1,1
1,1
0,0
1,1
1,1
1,1
1,1
1,1
0,1
0,0
1,1
1,1
1,1
1,1
1,1
1,1
1,1
1,1
1,1
1,1
1,0
1,1
0,0
1,1
1,1
1,1
0,0
1,1
0,0
1,1
1,1
0,1
1,1
1,1
1,1
0,0
1,1
1,1
1,1
0,0
0,0
1,1
1,1
1,1
0,0
1,1
1,0
0,0
0,0
1,1
1,1
0,0
0,0
1,1
1,1
1,1
1,1
0,0
1,1
1,1
0,0
1,1
1,1
1,1
0,0
1,1
1,1
1,1
1,1
1,1
1,1
1,1
0,0
1,1
1,1
1,1
0,0
1,1
1,1
0,0
1,1
1,1
1,1
1,1
0,0
1,1
1,1
0,0
1,1
1,1
1,1
1,1
1,1
1,1
0,0
0,1
1,1
1,1
1,1
1,1
0,0
1,1
1,1
1,1
0,0
0,0
0,0
1,1
1,1
1,1
0,0
1,1
0,0
1,1
0,0
1,1
1,1
1,1
1,1
1,1
0,0
1,1
1,1
0,0
1,0
1,1
1,1
1,1
0,0
1,1
1,1
0,0
0,0
1,1
1,1
1,1
1,1
1,1
1,1
1,1
1,1
1,1
1,1
1,1
1,1
1,1
1,1
1,1
1,1
0,0
0,0
1,1
0,0
1,1
0,0
1,1
1,1
1,1
1,1
1,1
0,1
1,0
0,0
1,1
1,1
1,1
0,0
0,0
1,1
1,1
0,0
0,0
1,1
0,0
1,1
0,1
1,1
1,1
1,1
1,0
1,1
1,1
0,0
1,1
1,1
1,1
0,0
1,1
0,0
1,1
0,0
1,1
0,0
1,1
1,1
0,0
1,1
1,1
0,1
1,1
0,0
0,1
1,1
1,1
0,0
1,1
1,1
0,0
0,0
0,0
1,1
1,1
1,0
1,1
1,1
0,0
1,1
1,1
0,0
0,0
1,1
0,0
1,1
1,1
1,1
1,1
1,1
1,1
1,1
1,1
1,1
1,1
1,1
0,0
1,1
0,0
1,1
0,0
0,0
1,1
1,1
0,1
1,1
1,1
0,0
1,1
0,0
1,1
1,1
1,1
1,1
0,1
0,0
1,1
1,1
0,0
0,0
1,1
1,1
1,1
1,1
0,0
1,1
1,1
0,0
1,1
1,1
1,1
0,0
1,1
0,0
1,1
1,1
1,1
1,1
0,0
1,1
1,0
1,1
1,1
1,1
0,0
0,0
0,0
1,1
1,1
1,1
0,0
1,1
1,1
1,1
1,1
0,0
0,0
1,1
1,1
0,0
1,1
1,1
1,1
1,1
1,1
1,1
0,0
0,0
0,0
1,1
0,1
0,0
1,1
0,0
1,1
1,1
1,1
1,1
1,1
1,1
1,1
1,1
1,1
0,0
1,1
1,1
0,0
1,1
1,1
1,1
1,1
1,1
0,0
1,1
1,1
1,1
1,1
1,1
1,1
1,0
0,0
1,1
1,1
1,1
0,0
1,1
1,1
1,1
1,1
1,1
1,1
1,1
0,0
1,1
1,1
0,0
1,1
0,1
1,1
1,1
1,1
0,0
0,0
0,0
1,1
1,1
1,1
1,1
1,1
1,1
1,1
0,0
0,0
1,1
1,1
1,1
1,1
0,1
1,1
1,1
1,1
1,1
0,0
0,0
1,1
1,1
0,1
1,1
1,1
1,1
0,0
1,1
1,1
1,1
1,1
1,1
1,1
0,0
1,1
0,0
0,0
0,0
1,1
1,0
1,1
1,1
0,0
1,1
1,1
1,1
1,1
1,1
0,0
1,1
1,1
1,1
1,1
0,0
1,1
0,0
1,1
1,1
0,0
1,1
1,1
1,1
0,0
0,0
1,1
1,1
0,0
1,1
1,0
0,0
0,0
0,1
1,1
1,1
0,0
1,1
1,1
0,0
1,1
1,1
1,1
1,1
0,1
0,1
0,0
1,1
0,0
1,1
0,0
0,0
0,0
1,1
1,1
0,0
0,0
1,1
1,1
1,1
0,0
0,0
1,1
1,1
1,1
1,1
0,0
1,1
1,1
1,1
1,1
1,1
0,0
1,1
1,1
0,0
1,1
1,1
1,1
1,1
0,0
1,1
1,1
1,1
1,1
1,1
0,1
1,1
1,1
1,0
1,1
1,1
1,1
1,1
1,1
0,0
1,1
0,0
1,1
0,0
1,1
1,1
0,0
0,0
1,1
1,1
0,0
1,1
1,1
1,1
1,1
1,1
1,1
1,1
1,1
1,1
1,1
0,0
1,1
1,0
1,1
1,1
1,1
1,1
1,1
1,1
1,1
1,1
0,0
1,1
1,1
1,1
1,1
1,1
1,1
0,0
0,0
1,1
1,1
1,1
1,1
1,1
1,1
1,1
1,1
0,0
0,0
1,1
1,1
1,1
1,1
1,1
1,1
1,1
0,0
1,1
1,0
0,0
1,1
0,0
0,0
1,1
0,0
0,0
1,1
1,1
1,1
0,0
0,0
1,1
1,1
1,1
1,1
0,1
1,1
1,1
1,1
1,1
1,1
0,0
1,1
0,0
1,1
1,1
1,1
1,1
1,1
1,1
1,1
0,0
1,1
1,1
0,0
0,0
0,0
0,0
0,0
1,1
1,1
1,1
1,1
1,1
1,1
1,1
1,1
1,1
1,1
1,1
1,1
1,1
1,1
1,1
0,1
1,0
0,1
1,1
0,0
1,1
1,1
1,1
0,0
0,0
0,0
1,1
1,1
1,1
1,1
0,0
1,1
1,1
0,0
1,1
1,1
0,0
1,1
1,1
0,0
1,1
1,1
0,0
1,1
1,1
1,1
1,1
1,1
0,0
1,1
1,1
0,0
0,0
0,0
1,1
0,1
0,1
0,0
0,0
1,0
1,1
0,0
0,0
0,0
0,0
0,0
1,1
0,0
1,1
1,1
1,1
0,0
1,1
1,1
1,0
1,1
1,1
1,1
0,0
1,1
1,1
1,1
1,1
1,0
0,0
1,1
1,1
0,0
0,1
1,1
1,1
1,1
0,0
1,1
0,0
1,1
0,0
0,0
1,1
1,1
1,1
1,1
1,1
0,0
1,1
0,0
1,1
1,1
1,1
1,1
1,1
1,1
1,1
1,1
1,1
1,1
0,0
1,1
1,1
0,0
0,0
1,1
0,0
1,1
1,1
1,1
0,0
0,0
1,1
1,1
1,1
1,1
0,0
1,1
1,1
1,1
0,0
1,1
1,1
1,1
0,0
0,0
1,1
0,0
1,1
1,1
1,1
1,1
1,1
1,1
1,1
0,0
1,1
0,0
0,0
0,1
0,0
0,0
1,1
1,1
1,1
0,0
1,1
1,1
1,1
1,1
1,1
1,1
0,1
1,1
1,1
1,1
1,1
1,1
0,0
1,1
1,1
1,1
0,0
1,1
0,0
0,0
1,1
1,1
1,1
1,1
0,1
0,0
1,1
1,1
1,1
1,1
1,1
1,1
1,1
0,0
1,1
1,1
0,0
1,1
0,0
0,0
1,1
1,1
1,1
1,1
1,1
1,1
1,0
1,1
0,0
1,1
0,0
1,1
1,1
0,0
1,1
1,1
1,1
1,1
1,1
0,0
0,0
1,1
0,1
1,1
1,1
0,1
0,1
1,1
0,0
1,1
0,0
1,1
1,1
1,1
0,0
1,1
1,1
0,0
1,1
1,1
1,1
1,0
0,0
0,0
1,1
1,1
1,1
1,1
0,1
0,0
1,1
1,0
1,1
1,1
1,1
0,0
0,0
0,0
1,1
1,1
1,1
1,1
1,1
1,1
0,0
1,1
1,0
1,1
1,1
0,0
1,1
0,0
1,1
1,1
1,1
1,1
0,0
1,1
0,0
1,1
1,1
1,1
1,1
0,0
1,1
1,1
1,1
1,1
1,1
1,1
0,0
1,1
1,1
1,1
1,1
1,1
1,1
1,1
1,0
0,0
1,1
1,1
1,1
1,1
0,0
1,1
1,1
0,0
1,1
0,1
1,1
1,1
1,1
1,1
1,1
0,1
0,0
1,1
1,1
0,0
1,1
1,1
0,0
1,1
0,0
1,1
1,0
1,1
1,1
1,1
1,1
0,0
1,1
1,1
1,1
1,1
1,1
1,1
0,0
1,1
1,1
0,0
1,1
1,1
1,1
0,0
1,1
0,0
0,0
1,1
0,0
1,1
0,0
1,1
1,1
0,0
1,1
1,1
1,1
1,1
0,1
1,1
1,1
1,1
1,1
1,1
1,1
0,0
1,1
1,1
1,1
0,0
1,1
1,1
1,1
0,0
1,1
0,0
0,0
0,0
1,1
1,1
1,1
1,1
1,1
1,1
1,1
1,1
1,1
1,1
1,1
1,1
0,0
1,1
1,1
1,1
1,1
1,1
1,1
0,0
0,0
1,1
1,1
1,1
0,0
1,1
0,0
0,1
1,1
1,1
0,0
1,1
1,1
1,1
1,1
1,1
0,0
1,1
0,0
1,1
1,1
0,0
1,1
1,1
1,1
0,0
1,1
1,1
1,1
1,1
1,1
1,1
1,1
0,1
0,0
1,1
1,1
0,1
1,1
1,1
1,1
1,1
1,1
0,0
1,1
1,1
1,1
1,1
1,1
1,1
1,0
1,1
0,0
1,1
1,1
0,0
0,0
0,1
1,1
0,0
1,1
1,1
1,1
0,0
0,0
1,1
0,0
1,1
1,1
1,1
1,1
1,0
0,0
1,1
1,1
1,1
1,1
0,0
1,1
0,1
1,1
1,1
0,1
1,1
1,1
1,1
1,1
0,0
1,1
1,1
1,1
0,0
1,1
1,1
1,1
1,1
1,1
1,1
1,1
1,1
0,0
1,1
1,1
1,1
1,1
1,1
0,0
1,1
1,1
0,1
1,1
0,1
1,1
0,0
0,0
0,1
1,1
1,1
1,1
1,1
0,0
1,1
1,1
1,1
1,1
0,0
1,1
0,1
0,0
1,1
1,1
1,1
1,1
0,1
0,0
0,0
1,1
1,1
1,1
1,1
0,0
1,1
0,0
1,1
0,0
0,1
1,1
0,0
0,0
1,1
1,1
0,0
1,1
1,0
1,1
1,1
1,1
1,1
0,0
1,1
0,0
0,0
1,0
1,1
0,0
1,1
1,1
1,1
1,1
1,1
0,1
1,1
0,0
1,1
0,0
0,0
1,1
1,1
1,1
1,1
1,0
1,1
0,0
1,1
1,0
1,1
0,0
0,0
1,1
0,0
1,1
0,0
1,1
0,0
1,1
1,1
1,1
1,1
0,1
1,1
1,1
0,0
1,1
1,1
1,1
0,0
1,1
1,1
1,1
1,1
1,1
1,1
0,0
1,1
1,1
1,1
1,1
1,1
1,1
1,1
0,0
1,1
0,0
1,1
1,1
1,1
1,1
1,1
1,1
0,0
1,1
1,1
0,0
1,1
1,1
1,1
1,1
1,1
0,1
1,1
1,1
0,0
1,1
1,1
0,0
0,1
1,1
1,1
1,1
1,1
0,0
1,1
1,1
0,0
0,0
1,0
1,1
1,1
1,1
1,1
1,1
1,1
1,1
1,1
1,1
1,1
1,1
0,0
1,1
1,1
1,1
1,1
1,1
1,1
1,1
1,1
1,1
1,1
1,1
1,1
0,0
1,1
0,0
1,1
1,1
1,1
1,1
1,1
1,1
1,1
1,1
0,0
1,1
1,1
0,0
0,0
0,0
1,1
0,0
1,1
1,1
1,1
1,1
1,1
1,1
0,0
0,0
1,1
1,1
1,1
0,0
1,1
1,1
1,1
1,1
1,1
1,1
1,1
1,1
0,0
1,1
0,0
1,1
1,1
1,1
0,0
1,1
1,1
1,1
0,0
1,1
1,1
1,1
1,1
1,1
1,1
1,1
1,1
1,1
0,0
0,0
1,1
1,1
1,1
1,1
0,0
1,1
1,1
0,0
0,1
1,1
1,1
0,0
1,1
1,0
0,0
1,1
1,1
1,1
0,0
1,1
1,1
1,1
1,1
0,0
1,1
1,1
0,0
1,1
0,1
0,0
1,1
1,1
1,1
1,1
0,1
1,1
1,1
0,0
1,1
0,0
0,0
1,1
0,0
1,1
1,0
0,0
1,1
1,1
0,0
1,1
1,1
1,1
0,0
0,0
1,1
1,1
0,0
0,0
0,0
1,1
1,1
1,1
1,1
1,1
1,1
1,1
0,0
1,1
0,0
1,1
1,1
0,0
0,0
1,1
1,1
1,1
1,1
1,1
1,1
1,1
1,1
0,1
1,1
1,1
0,0
1,1
0,0
1,1
1,1
1,1
1,1
1,1
1,1
1,1
1,1
1,1
1,1
0,0
1,1
1,1
1,1
1,1
1,1
1,1
1,1
1,1
0,0
1,1
1,1
1,1
1,1
1,1
1,1
1,1
1,1
1,1
1,1
0,0
1,1
1,1
1,1
1,1
1,1
0,0
0,0
1,1
0,0
1,1
0,0
1,1
1,1
0,0
1,1
1,1
1,1
1,1
0,1
0,0
1,1
1,1
1,1
1,1
1,0
0,0
1,1
1,1
1,1
1,1
0,0
1,1
1,1
0,0
1,1
1,1
1,1
1,1
1,1
1,1
0,0
1,1
1,1
0,0
0,1
0,0
0,0
1,1
0,0
1,1
1,1
1,1
0,0
1,1
1,1
1,1
0,0
1,1
1,1
0,0
1,1
1,1
1,1
0,0
1,1
1,1
0,0
0,0
0,0
1,1
1,1
1,1
1,1
0,0
1,1
1,1
0,0
1,1
0,0
1,1
0,1
0,0
0,0
0,0
1,1
1,1
0,0
1,1
1,1
1,1
1,1
1,1
1,1
1,1
1,1
1,1
1,1
1,1
1,1
1,1
1,1
0,0
1,1
1,1
1,1
1,1
1,1
1,1
1,1
0,0
0,0
1,1
1,1
1,1
0,1
1,1
1,1
1,1
0,0
1,1
1,1
0,0
1,1
1,1
0,0
0,0
1,1
0,0
1,0
1,1
1,1
1,1
1,1
1,1
1,1
1,1
0,0
1,1
1,1
0,0
1,0
1,1
1,1
0,0
1,1
0,0
1,1
1,1
1,1
1,1
1,1
1,1
0,0
0,0
0,0
0,0
0,0
0,0
1,1
1,1
1,1
0,0
0,1
0,0
0,0
1,1
1,1
0,0
1,1
1,1
1,0
1,1
1,1
1,1
0,0
1,1
1,1
1,1
0,0
1,1
1,1
1,1
0,0
1,1
1,1
1,1
1,1
1,1
1,1
1,1
1,1
1,1
1,1
0,0
1,1
1,1
1,1
1,1
1,1
0,0
0,0
1,1
1,1
1,1
1,1
0,1
1,1
0,0
1,1
0,0
1,1
1,1
1,1
0,0
1,1
1,1
1,1
1,1
1,1
1,1
1,1
1,1
0,0
1,1
1,1
0,1
1,1
0,0
1,1
1,1
0,0
1,1
1,1
1,1
0,0
1,1
1,1
1,1
1,1
1,1
1,1
1,1
1,1
1,1
1,1
1,1
1,1
0,0
1,1
1,1
0,0
1,1
0,0
0,0
1,1
0,0
1,1
1,1
1,1
0,0
1,1
1,1
1,1
1,1
1,1
0,0
1,1
1,1
1,1
1,1
0,0
1,1
1,1
0,0
1,1
1,1
1,1
1,1
1,1
1,1
1,1
0,0
0,0
1,1
1,1
0,0
0,0
1,1
1,1
1,1
1,1
1,1
1,1
0,0
1,1
1,1
1,1
1,1
0,0
1,1
1,1
1,1
1,1
0,0
1,1
1,1
1,1
1,1
1,1
1,1
1,1
0,0
1,1
1,1
0,0
1,1
0,0
1,1
1,1
1,1
1,1
1,1
1,1
0,0
1,1
1,1
1,1
1,1
1,1
1,1
1,1
1,1
1,1
1,1
0,0
0,0
0,0
1,1
1,1
1,1
0,1
0,0
1,1
1,1
0,0
0,0
0,0
1,1
1,1
0,0
0,0
1,1
1,1
1,1
1,1
1,1
1,1
1,1
0,0
1,1
1,1
1,1
1,1
1,1
1,1
1,1
0,0
1,1
1,1
0,0
0,0
1,1
0,0
1,1
0,1
1,1
1,1
1,0
0,0
0,0
1,1
0,1
1,1
0,0
1,1
0,0
0,0
1,1
1,1
1,1
1,1
1,1
1,1
0,0
1,1
1,1
0,0
1,1
0,1
0,0
1,0
0,0
1,1
1,1
1,1
1,1
1,1
1,1
1,1
0,0
1,1
0,0
1,1
0,0
1,1
1,1
1,1
0,1
1,1
0,0
0,0
1,1
0,1
1,1
1,1
1,1
1,1
1,1
1,1
1,1
1,1
1,1
0,0
1,1
1,1
0,0
1,1
0,0
1,1
0,0
1,1
1,1
1,1
1,1
0,0
1,1
1,1
1,1
1,1
1,1
1,1
0,0
1,1
1,1
1,1
1,0
1,1
1,1
1,1
1,1
1,1
0,0
1,1
1,1
1,1
1,1
0,1
0,0
1,1
0,0
1,1
1,1
1,1
1,1
1,1
0,0
1,1
0,0
1,1
1,1
0,0
1,1
1,1
1,1
1,1
1,1
1,1
1,1
0,0
0,0
1,1
1,1
1,1
1,0
1,1
1,1
1,1
1,1
0,0
0,0
1,1
1,1
1,1
1,1
1,1
0,0
1,1
1,1
1,1
1,1
0,0
1,1
1,1
1,1
0,0
1,1
1,1
1,1
0,0
1,1
1,1
1,1
1,1
1,1
0,0
1,1
0,1
0,0
1,1
0,0
1,1
0,0
1,1
1,1
1,1
1,1
1,1
1,1
0,0
1,1
1,1
1,1
1,1
1,1
1,1
1,1
0,0
1,1
1,1
1,1
1,1
1,1
0,0
1,1
1,1
0,0
1,1
1,1
1,1
1,1
1,1
1,1
1,1
0,1
1,1
1,1
0,0
1,1
1,1
1,1
0,0
0,0
0,1
0,0
0,0
0,0
1,1
0,1
1,1
1,1
0,0
1,1
0,0
0,0
0,0
1,1
1,1
1,1
1,1
1,1
1,1
1,1
0,0
1,1
0,0
1,1
0,0
1,1
0,0
1,1
1,1
1,1
0,1
1,1
1,1
1,1
1,1
1,1
0,0
1,1
1,1
1,1
1,1
0,0
1,1
1,1
1,1
1,1
0,0
0,1
1,1
1,1
0,0
1,1
0,0
1,1
1,1
0,0
0,0
0,0
1,1
0,1
1,1
1,1
0,0
1,1
1,1
1,1
1,1
0,0
0,0
1,0
1,1
1,1
1,1
1,1
1,1
0,0
1,1
1,1
1,1
1,1
1,1
1,1
1,1
1,1
1,1
0,0
1,1
0,0
1,1
0,0
0,0
1,1
1,1
1,1
1,1
1,1
1,1
1,1
1,1
1,1
0,0
0,0
1,1
1,1
0,0
1,1
1,0
1,1
0,0
0,0
0,1
1,1
0,0
1,1
1,1
0,0
0,0
1,1
1,1
1,1
1,1
0,0
1,1
1,1
0,0
1,1
0,0
0,0
1,1
0,0
1,1
1,1
1,1
1,1
0,0
1,1
1,1
1,1
1,1
1,1
1,1
1,1
1,1
1,1
1,1
1,1
1,1
1,1
1,1
1,1
1,1
1,1
1,1
0,0
1,1
1,1
1,1
1,1
1,1
1,1
0,0
0,0
1,1
0,0
1,1
1,1
1,0
0,0
1,1
0,0
1,1
1,1
1,1
0,0
0,0
0,0
1,1
1,1
1,1
1,1
1,1
1,1
1,1
0,0
1,1
1,1
0,0
0,0
1,1
1,1
1,1
1,1
0,0
1,1
1,1
1,1
1,1
1,1
1,1
1,0
0,0
1,1
1,1
1,1
1,1
1,1
1,1
1,1
1,1
1,1
1,1
1,1
0,0
1,1
1,1
1,0
1,1
1,1
1,1
1,1
1,1
1,1
0,0
0,0
0,1
1,1
1,1
1,1
0,0
1,1
1,1
1,1
1,0
1,1
0,0
1,1
0,0
1,1
1,1
1,1
0,0
1,1
1,1
1,1
1,1
0,1
1,1
0,0
1,1
0,0
0,0
0,0
1,1
1,1
1,1
0,0
1,1
0,0
1,1
1,1
0,0
1,1
0,0
1,1
1,1
0,0
0,0
1,1
1,1
1,1
1,1
0,0
1,1
1,1
1,1
1,1
1,1
1,1
1,1
1,1
1,1
1,1
1,1
0,0
1,1
1,1
1,1
1,1
0,0
1,1
1,1
1,1
1,1
1,1
1,1
0,0
0,0
0,0
0,0
1,1
1,1
1,1
0,0
1,1
1,1
1,1
0,0
0,0
0,0
1,1
1,1
1,1
1,0
1,1
1,1
0,0
0,0
1,1
1,1
1,1
1,1
1,1
1,1
0,0
1,1
1,1
1,1
1,1
0,0
1,1
0,0
1,1
1,1
1,1
0,0
1,1
1,1
1,1
1,1
1,1
1,1
0,0
1,1
1,1
1,1
1,1
0,0
1,1
0,0
0,1
0,0
1,1
1,1
1,1
0,0
1,1
1,1
0,1
1,1
1,1
1,1
1,1
1,1
1,1
0,1
1,1
0,0
1,1
0,0
1,1
1,1
1,1
1,1
1,1
0,0
1,1
0,0
1,1
0,0
1,1
1,1
1,1
1,1
1,1
1,1
0,0
0,0
0,0
1,1
1,1
0,0
1,1
1,1
1,1
1,1
0,1
1,1
1,1
1,1
1,1
0,1
0,0
0,0
0,1
0,0
1,1
1,1
1,1
0,0
0,0
0,0
0,0
1,1
0,0
1,1
1,1
1,1
1,1
1,1
1,1
1,1
1,1
1,1
1,1
0,0
1,1
1,1
1,1
1,1
0,1
1,1
0,0
1,1
0,0
1,1
1,1
0,0
0,0
0,0
1,1
1,1
1,1
0,0
1,1
0,0
1,1
1,1
1,1
1,1
1,1
1,1
1,1
0,0
1,1
0,0
1,1
1,1
1,1
1,1
0,0
1,1
0,0
0,0
0,0
1,1
1,1
1,1
0,1
1,1
1,1
0,0
1,1
1,1
0,0
0,0
1,1
1,1
1,1
1,1
1,1
1,1
0,0
1,1
1,1
1,1
1,1
0,0
1,1
1,1
1,1
1,1
1,1
0,0
1,1
1,1
1,1
0,0
1,1
1,1
0,0
1,1
1,1
0,0
1,1
1,1
0,0
1,1
1,1
1,1
1,0
1,1
0,0
0,0
0,0
1,1
1,1
0,0
1,1
1,1
1,1
1,1
1,1
0,0
1,1
1,1
1,1
1,1
1,1
0,0
1,1
1,1
1,1
1,1
1,1
0,0
1,1
0,0
1,1
1,1
1,1
1,1
1,1
1,1
1,1
0,0
0,0
0,0
0,0
1,1
1,1
1,1
0,0
1,1
1,0
1,1
1,1
1,1
0,0
0,0
1,1
1,1
1,0
0,1
0,0
0,0
1,1
1,1
1,1
1,1
1,1
1,1
0,0
1,1
1,1
1,1
1,1
1,1
1,1
1,1
0,0
1,1
0,0
1,1
1,1
1,1
1,1
1,1
0,0
1,1
1,1
1,1
1,1
1,1
1,1
1,1
1,1
1,1
1,1
1,1
1,1
1,1
1,1
0,0
1,1
1,1
0,0
0,0
1,1
1,1
0,0
1,1
0,0
1,1
0,0
1,1
1,1
0,0
1,1
1,1
0,0
0,0
1,1
0,0
1,1
0,0
1,1
1,1
1,1
0,0
0,0
1,1
0,0
1,1
1,1
1,1
0,0
0,0
1,1
1,1
1,1
1,1
1,1
0,0
0,0
1,1
0,0
1,1
0,0
1,1
1,1
1,1
1,1
0,0
1,1
1,1
1,1
1,1
1,1
0,0
0,1
1,1
1,1
0,0
0,0
1,1
1,1
1,1
1,1
0,0
1,1
1,1
1,1
1,1
1,1
1,1
0,0
0,0
0,0
1,1
0,0
0,0
0,0
1,1
1,1
0,0
0,0
1,1
1,1
1,1
0,0
1,1
1,1
1,0
1,1
0,0
1,1
1,1
1,1
1,1
1,1
0,0
1,1
1,1
1,1
1,1
1,1
1,1
1,1
0,1
1,1
1,1
1,1
1,1
0,0
1,1
1,1
1,1
1,1
0,0
1,1
0,0
1,1
1,1
1,1
0,0
1,1
1,1
1,1
0,0
1,1
0,0
1,1
1,1
1,1
1,1
1,1
0,0
0,0
0,0
1,1
1,1
1,1
0,0
1,1
1,1
1,1
0,0
0,0
1,0
0,1
0,0
1,1
1,1
1,0
0,0
1,1
1,1
0,0
1,1
1,1
1,1
0,0
1,1
1,1
1,1
1,1
1,1
1,1
1,1
1,1
1,1
0,1
1,1
1,1
0,0
1,1
1,1
0,0
0,0
0,0
0,0
1,1
0,0
0,0
1,1
1,1
1,1
1,1
1,1
1,1
0,0
1,1
1,1
0,1
0,0
1,1
1,1
1,1
1,1
0,1
1,1
0,0
0,0
0,1
1,1
1,1
0,1
1,1
1,1
1,1
1,1
1,1
1,1
0,0
1,1
0,0
1,1
1,1
0,0
1,1
1,1
0,0
0,0
0,0
1,1
1,1
1,1
0,0
1,1
1,1
1,1
1,1
1,1
0,0
1,1
0,0
1,1
0,0
0,0
1,1
1,1
1,1
1,1
1,1
0,1
1,1
1,1
1,1
1,1
0,0
1,1
0,0
1,1
0,0
1,1
1,1
1,1
1,1
0,0
1,1
1,1
1,1
1,1
0,1
1,1
1,1
0,0
0,0
1,1
1,1
0,0
0,0
1,1
0,0
1,0
1,1
1,1
0,0
1,0
1,1
1,1
1,1
0,0
1,1
0,0
0,0
1,1
1,1
1,1
0,0
0,0
1,1
1,1
1,1
1,1
1,1
1,1
0,0
1,1
1,1
1,1
1,1
1,1
1,1
1,1
1,1
1,1
1,1
1,1
1,1
1,1
0,0
1,1
0,0
1,1
0,0
1,1
1,1
1,1
1,1
1,1
1,1
0,1
0,0
1,1
1,1
0,0
0,0
0,1
0,0
0,1
0,0
1,1
1,1
1,1
1,1
1,1
1,1
1,1
1,1
1,1
0,0
1,1
1,1
0,0
1,1
0,1
0,0
0,1
1,1
0,0
1,1
1,1
0,0
1,0
1,1
0,0
0,0
1,1
1,1
1,1
1,1
0,0
0,0
1,1
1,1
1,1
1,1
1,1
0,0
0,0
1,1
1,1
1,1
1,1
1,1
1,1
1,1
1,1
1,1
1,1
1,1
1,1
1,1
1,1
0,0
0,0
1,1
1,1
0,0
1,1
1,1
1,1
1,1
1,1
1,1
1,1
1,1
1,1
1,1
1,1
1,1
1,1
1,1
1,1
0,0
1,1
1,1
1,1
0,0
0,0
1,1
1,1
0,0
1,1
1,1
1,1
0,0
1,1
1,1
1,1
1,1
0,0
0,0
1,1
1,1
1,1
1,1
1,1
0,0
0,1
1,1
1,1
1,1
1,1
1,1
1,1
1,0
1,1
1,1
0,0
1,1
1,1
1,1
1,1
1,1
1,1
1,1
0,1
0,0
1,1
1,1
1,1
0,1
0,0
1,1
0,0
1,1
0,0
0,0
1,1
1,1
1,1
0,0
1,1
0,0
1,1
0,0
1,1
0,0
0,0
1,1
1,1
1,1
1,1
1,1
0,0
1,1
0,0
1,1
1,1
1,1
1,1
1,1
1,1
0,0
1,1
0,0
0,0
1,1
1,1
1,1
0,0
0,0
1,1
0,0
0,0
0,0
1,1
1,1
0,0
1,1
0,0
1,1
0,0
1,1
0,0
0,1
1,1
1,1
1,1
0,0
1,1
1,1
1,1
1,1
1,1
0,0
1,1
1,1
1,1
1,1
1,1
1,1
1,1
1,1
1,1
1,1
1,1
1,1
1,1
1,1
0,0
0,0
1,1
1,1
1,1
0,0
1,1
0,0
0,0
1,1
1,1
1,1
1,1
1,1
0,0
1,1
1,1
1,1
1,1
1,1
1,1
1,1
1,1
0,0
1,1
0,0
1,1
1,1
1,1
1,1
1,1
1,1
1,1
1,1
0,0
1,1
0,0
1,1
0,0
1,1
1,1
1,1
0,0
1,1
1,1
1,1
1,1
1,1
0,0
1,1
1,1
1,1
1,1
1,1
0,0
1,1
1,1
1,0
0,0
1,1
1,1
1,1
0,0
1,1
1,1
1,1
1,1
0,0
1,1
0,0
0,0
1,1
1,1
1,1
0,0
0,0
0,1
1,1
0,0
0,0
1,1
1,1
0,0
1,1
1,1
0,0
1,1
0,0
1,1
1,1
0,0
1,1
1,1
1,1
1,1
0,0
1,1
1,1
1,1
1,1
1,1
1,1
0,0
1,1
1,1
1,1
0,0
0,1
1,1
1,0
1,1
0,0
1,1
0,0
0,0
0,0
0,0
1,1
1,1
1,1
1,1
1,1
1,1
1,1
0,0
0,0
1,1
1,1
1,1
1,1
1,1
0,0
1,1
1,1
1,1
0,0
1,1
1,1
0,0
0,0
0,1
0,0
1,1
1,1
1,1
1,1
1,1
1,1
0,0
1,1
1,1
0,0
1,1
0,0
1,1
1,1
0,0
1,1
1,1
1,1
1,1
1,1
1,1
0,0
1,1
1,1
1,1
1,1
0,0
1,1
1,1
1,1
1,1
1,1
1,1
0,1
1,1
0,0
1,1
1,1
0,0
1,1
1,1
1,1
1,1
1,1
1,1
1,1
1,1
1,1
1,1
1,1
1,1
1,1
0,0
1,1
1,1
1,1
1,1
0,0
1,1
0,0
1,1
1,1
1,1
1,1
1,0
1,1
0,0
1,1
1,1
1,1
1,1
1,1
0,0
1,1
1,1
1,1
1,1
0,0
1,1
0,0
0,0
1,1
1,1
1,1
1,1
1,1
0,0
1,1
1,1
0,0
1,1
1,1
1,1
1,1
0,0
1,1
1,1
1,1
0,0
1,1
1,1
0,0
1,1
0,0
1,1
1,1
0,0
0,0
0,0
1,0
1,1
0,0
0,0
1,1
1,1
1,1
1,1
1,1
1,1
1,1
1,1
0,0
1,1
1,1
1,1
1,1
1,1
1,1
0,0
1,1
1,1
1,1
0,0
1,1
0,0
0,0
1,1
1,1
0,0
0,0
1,1
1,0
1,1
1,0
0,0
0,0
0,0
0,0
1,1
0,0
1,1
1,1
1,1
1,1
1,1
1,1
1,1
0,0
1,1
1,1
1,1
1,1
1,1
1,1
0,1
1,1
1,1
1,1
0,0
1,1
0,0
1,1
1,1
0,0
0,0
1,1
1,1
0,0
1,1
0,0
1,1
0,0
1,1
1,1
1,1
0,0
1,1
0,0
1,1
1,1
1,1
1,1
0,0
1,1
1,1
1,1
1,1
1,1
0,0
1,1
1,1
1,1
1,1
1,1
1,1
1,1
1,1
1,1
1,1
1,1
0,0
1,1
1,1
1,1
1,1
0,0
1,1
1,1
1,1
1,1
0,1
1,1
1,1
1,1
0,1
1,1
1,1
0,0
1,1
1,1
1,1
0,1
1,1
1,1
1,1
1,1
1,1
1,1
1,1
1,1
0,0
0,0
1,1
1,1
1,1
1,1
1,1
1,0
0,0
0,0
1,1
1,1
0,0
1,1
0,0
1,1
1,1
1,1
1,1
1,1
1,1
1,1
1,1
1,1
1,1
0,0
1,1
1,1
1,1
1,1
1,1
1,1
1,1
1,1
1,1
1,1
1,1
1,1
1,1
0,0
1,1
0,0
1,1
1,1
0,0
0,0
1,1
1,1
1,1
1,1
0,0
1,1
1,1
1,1
1,1
0,0
1,1
0,0
0,0
1,1
1,1
0,1
1,1
0,1
1,1
1,1
1,1
1,1
1,1
1,1
0,0
0,0
1,1
0,0
0,0
1,1
1,1
1,1
1,1
1,1
0,0
1,1
1,1
1,1
1,1
0,0
1,1
1,1
1,1
0,0
1,1
0,0
1,1
1,1
1,1
1,1
1,1
1,1
0,0
1,1
1,1
0,0
1,1
1,1
1,1
1,1
1,1
0,0
1,1
0,0
0,0
1,1
1,1
1,1
1,1
1,1
1,1
1,1
1,1
1,1
0,0
1,1
1,1
1,1
1,0
1,1
0,0
0,0
0,0
0,1
1,1
1,1
0,1
1,1
0,0
0,1
1,1
1,1
1,1
1,1
1,1
1,1
1,1
1,1
1,1
1,1
1,1
0,0
1,1
1,1
1,1
1,1
1,1
1,1
1,1
1,1
1,1
1,1
0,0
0,0
1,1
0,1
0,0
1,1
0,0
1,1
1,1
0,0
0,1
0,0
1,1
1,1
0,0
0,0
1,1
0,0
1,1
1,1
0,0
0,0
0,0
1,1
1,1
1,1
1,1
0,0
1,1
1,1
1,1
1,0
1,0
0,0
1,1
1,1
0,0
1,1
1,1
1,1
0,0
0,0
0,0
1,1
0,0
1,1
1,1
0,0
0,0
1,1
1,1
1,1
1,1
0,0
1,1
1,1
1,1
1,1
0,0
0,0
0,0
1,1
0,0
1,1
0,0
1,1
1,1
1,1
1,1
1,1
1,1
1,1
1,1
1,1
1,1
1,0
1,1
1,1
0,0
0,0
0,0
1,1
1,1
0,0
1,1
0,0
1,1
1,1
0,1
0,0
0,0
1,1
1,1
0,0
1,1
0,0
1,1
0,0
1,1
1,1
1,1
1,1
0,0
1,1
1,1
1,1
1,1
0,0
1,1
0,0
1,1
1,1
1,1
1,1
1,1
1,1
1,1
1,1
0,0
0,0
1,1
1,1
0,0
1,1
0,0
1,1
1,1
0,0
0,0
1,1
1,1
1,1
0,0
1,1
0,0
0,0
1,1
1,1
1,1
1,1
0,0
1,1
1,1
0,0
1,1
1,1
0,0
1,1
0,0
0,0
0,1
0,0
1,1
1,1
1,1
0,0
1,1
1,1
1,1
1,1
1,1
1,1
1,1
0,0
1,1
1,1
1,1
1,1
1,0
1,1
1,1
0,0
0,0
1,1
1,1
1,1
1,1
1,1
0,0
1,0
0,0
0,0
1,1
1,1
1,1
1,1
1,1
1,1
0,0
0,0
0,0
1,1
1,1
1,1
1,1
0,0
1,1
0,0
0,0
1,1
1,1
0,0
1,1
1,1
1,1
0,0
1,1
1,1
1,1
0,0
1,1
0,0
1,1
1,1
1,1
1,1
0,0
0,0
1,1
0,0
0,0
1,1
1,1
1,1
1,1
0,0
1,1
0,0
1,1
1,1
1,1
1,1
1,1
0,0
1,1
1,1
1,1
1,1
1,1
1,1
1,1
1,1
1,1
1,1
1,1
1,1
0,0
1,1
1,1
1,1
1,1
1,1
1,1
1,1
1,1
1,1
1,1
1,1
0,0
1,1
0,0
1,1
1,1
0,0
1,1
1,1
1,0
0,0
1,1
1,1
1,1
0,0
0,0
1,1
0,0
1,1
0,0
1,1
1,1
1,1
0,0
1,1
1,1
1,1
1,1
0,0
1,1
0,0
0,0
1,1
1,1
0,0
1,1
1,1
0,0
1,1
0,1
1,1
1,1
1,1
0,0
1,1
1,1
1,1
1,1
1,1
0,0
1,1
1,1
1,1
0,1
1,1
1,1
1,1
1,1
1,1
1,1
0,0
0,0
1,1
1,1
1,1
1,1
1,1
0,0
1,1
1,1
0,0
1,1
1,1
1,1
1,1
1,1
1,1
0,0
1,1
1,1
1,1
1,1
1,1
1,1
1,1
1,1
1,1
0,0
1,1
1,1
1,1
1,1
0,0
1,1
1,1
1,1
1,1
1,1
1,1
1,1
1,1
1,1
0,0
1,1
0,0
1,1
1,1
1,1
1,1
1,1
1,1
1,1
0,0
1,1
1,1
0,0
1,1
0,0
0,0
1,1
1,1
1,1
1,1
1,1
0,1
1,1
1,1
1,1
0,0
1,1
1,1
1,1
1,1
0,0
1,1
1,1
0,0
1,1
1,1
0,0
1,1
1,1
1,1
0,0
1,1
0,1
1,1
0,0
1,1
1,1
0,0
1,1
0,0
1,1
1,1
1,1
1,1
1,1
1,1
0,0
0,1
0,0
1,1
0,1
1,1
1,1
1,1
1,1
0,0
0,0
1,1
1,1
1,1
1,1
1,1
1,1
1,1
1,1
0,0
1,1
1,1
0,1
1,1
1,1
0,1
1,0
1,1
1,1
1,1
1,1
0,0
1,1
1,1
1,1
1,1
1,1
0,0
1,1
0,0
1,1
1,0
1,1
1,1
1,1
1,1
0,0
1,1
1,1
0,1
1,1
0,0
1,1
1,1
0,0
1,1
1,1
1,1
0,0
1,1
1,1
0,0
1,0
1,1
1,1
1,1
1,1
1,1
1,1
1,1
1,1
0,0
1,1
0,0
0,1
1,1
1,1
1,1
1,1
0,1
0,0
1,1
0,0
0,0
1,1
1,1
1,1
0,1
1,1
1,1
1,1
0,0
0,0
1,1
1,1
0,0
0,0
0,0
1,1
1,1
1,1
1,1
1,1
0,0
1,1
1,1
1,1
1,1
1,1
1,1
1,1
1,1
1,1
1,1
1,1
1,1
1,1
1,1
1,1
1,1
1,1
1,1
1,1
1,1
0,1
1,1
1,1
1,1
1,1
1,1
1,1
1,1
1,1
1,1
0,0
0,0
1,1
0,0
1,1
1,1
1,1
1,1
1,0
1,1
1,1
1,1
1,1
0,0
1,1
0,0
1,1
0,0
1,1
1,1
1,1
0,0
1,1
1,1
1,1
1,1
1,1
1,1
0,0
1,1
1,1
1,1
1,1
1,1
1,1
0,0
1,1
0,1
1,1
1,1
0,0
1,1
1,1
0,0
1,1
1,1
0,0
0,0
1,1
0,0
1,1
0,0
0,0
0,0
0,0
1,1
1,1
1,1
1,1
1,1
0,0
1,1
0,0
1,1
1,1
1,1
1,1
0,0
0,0
1,1
0,0
1,1
1,1
1,1
0,0
1,1
1,1
1,1
0,0
1,0
1,1
1,1
1,1
1,1
1,1
1,1
1,1
1,1
1,1
1,1
0,0
1,1
0,0
0,0
0,0
0,0
1,1
1,1
1,1
1,1
0,0
0,0
0,0
1,1
0,0
1,1
1,1
1,1
0,0
1,1
1,1
1,1
1,1
1,1
1,1
1,1
1,1
1,1
0,0
1,1
1,1
0,0
1,1
1,1
0,0
1,1
1,1
1,1
1,1
1,1
1,1
1,1
0,1
0,0
0,0
0,0
1,1
0,1
1,1
0,0
0,1
1,1
0,0
1,1
0,0
0,0
0,0
1,1
0,1
1,1
1,1
1,1
1,1
1,1
0,0
0,1
1,1
0,1
1,1
1,1
1,1
1,1
1,1
0,0
0,0
1,1
1,1
1,1
0,0
1,1
0,0
1,1
1,1
0,0
1,1
1,1
1,1
0,0
0,1
0,0
1,1
0,0
1,1
1,1
1,1
1,1
0,0
0,0
1,1
1,1
1,1
1,1
1,1
0,0
1,1
0,0
0,0
0,0
1,1
1,1
1,1
1,1
1,1
1,1
1,1
0,0
1,1
1,1
0,0
1,1
1,1
1,1
0,0
1,1
0,0
1,1
0,1
1,0
1,1
0,0
1,1
0,0
1,1
0,0
1,1
1,1
1,1
1,1
1,1
1,1
1,1
1,1
1,1
1,1
0,0
1,1
1,1
1,1
1,1
1,1
1,1
0,0
1,1
1,1
0,0
1,1
1,1
1,1
1,1
1,1
1,1
1,1
1,1
0,0
1,1
1,1
1,1
1,1
1,1
0,0
1,1
0,0
1,0
1,1
1,1
1,1
1,1
1,1
1,1
1,1
1,1
1,1
1,1
1,1
1,1
1,1
1,1
0,0
1,1
1,1
0,1
1,1
1,1
1,1
1,1
1,1
1,1
1,0
1,0
1,1
0,0
1,1
1,1
0,0
1,1
1,1
0,0
1,1
1,1
1,1
1,1
0,0
1,1
1,1
1,1
1,1
1,1
1,1
0,0
1,1
1,1
0,0
1,1
1,1
1,1
1,1
0,1
0,0
1,1
0,0
0,0
1,1
1,1
1,1
1,1
1,1
1,1
1,1
1,1
1,1
0,0
0,0
1,1
1,1
0,0
0,0
1,1
1,0
1,1
0,0
0,1
1,1
1,1
1,1
1,1
1,1
1,0
1,1
0,0
1,1
1,1
0,0
1,1
1,1
1,1
0,0
0,0
1,1
1,1
1,1
1,1
1,1
1,1
1,1
1,1
1,1
1,1
0,0
0,0
0,0
0,0
1,0
0,0
1,1
0,0
1,1
1,0
0,0
1,1
1,1
1,1
1,1
1,1
1,1
0,0
0,0
1,1
0,0
1,1
0,0
0,0
0,0
0,0
0,0
1,1
1,1
1,1
1,1
1,1
1,1
0,0
0,0
1,1
1,1
1,1
0,0
1,1
0,0
1,1
1,1
1,1
1,1
1,1
1,1
1,1
1,1
0,1
1,1
1,1
1,1
0,1
0,0
1,1
1,1
1,1
0,0
1,1
1,1
0,0
0,0
1,1
1,1
1,1
1,1
1,1
0,0
1,1
1,1
1,1
1,1
1,1
1,0
1,1
1,1
0,0
0,0
1,1
1,1
1,1
0,0
0,0
1,1
1,1
1,1
1,1
0,0
1,1
0,0
1,1
1,1
1,1
1,1
1,1
0,0
1,1
1,1
0,0
1,1
1,1
1,1
1,0
1,1
0,0
0,0
1,1
0,0
1,1
1,1
1,1
0,0
1,1
1,1
1,1
1,1
1,1
1,1
1,1
1,1
1,1
1,1
1,1
1,1
0,0
1,1
0,0
1,1
1,1
1,1
1,1
1,1
0,0
1,1
0,0
0,1
0,1
1,1
1,1
0,0
1,1
1,1
1,1
1,1
1,1
1,1
1,1
1,1
0,0
1,1
1,1
1,1
1,1
1,1
1,1
1,1
0,0
1,1
1,1
1,1
1,1
0,0
1,1
0,0
0,0
1,1
1,1
1,1
0,1
1,1
1,1
1,1
1,1
1,1
1,1
1,1
0,0
0,1
0,1
1,1
1,1
1,1
1,1
1,1
1,1
1,1
0,0
1,1
1,1
0,0
1,1
0,0
1,1
1,1
1,1
1,1
1,1
1,1
0,0
0,0
0,0
1,1
1,1
0,0
1,1
0,0
1,1
1,1
1,1
1,1
0,0
1,1
1,0
1,1
1,1
1,1
1,1
1,1
1,1
0,0
1,1
1,1
1,1
1,1
1,1
1,1
1,1
1,1
0,0
1,1
1,1
1,1
1,1
1,1
0,0
1,1
0,0
1,1
1,1
1,1
1,1
0,0
1,1
1,1
1,1
0,0
1,1
1,1
1,1
1,1
0,0
1,1
1,1
1,0
0,0
1,1
1,1
0,1
1,0
1,1
0,0
1,1
1,1
1,1
1,1
1,1
1,1
1,1
0,0
1,1
1,1
1,1
0,0
1,1
1,1
1,1
1,1
1,1
0,0
0,0
1,1
1,1
1,1
1,1
1,1
0,0
1,1
1,1
1,1
1,1
1,1
1,1
1,1
1,1
1,1
0,0
1,1
1,1
1,1
1,1
1,1
0,0
0,0
1,1
0,0
0,0
1,1
1,1
1,1
1,1
1,1
1,1
1,1
1,1
1,1
1,1
1,1
1,1
1,1
1,1
1,1
1,0
1,1
1,1
1,1
1,1
1,1
1,1
0,0
1,1
1,1
1,0
0,0
1,1
1,1
1,0
1,1
1,1
1,1
0,0
0,0
1,1
1,1
1,1
1,1
1,1
1,1
1,1
0,0
0,0
0,1
1,1
0,0
1,1
1,1
1,1
1,1
1,1
1,1
1,1
1,1
1,1
1,1
1,1
0,0
1,1
1,1
1,1
1,1
1,1
1,1
1,1
0,0
1,1
1,1
1,1
1,1
1,1
1,1
0,0
1,1
1,1
0,0
0,0
1,1
0,0
1,1
1,1
1,1
1,1
0,0
1,1
0,0
1,1
1,1
1,1
1,1
1,1
1,1
1,1
1,1
1,1
1,1
1,1
1,1
0,0
1,0
1,1
1,1
1,1
0,0
1,1
1,1
1,1
1,1
1,1
1,1
1,1
1,1
1,1
0,0
1,1
1,1
1,1
1,1
1,1
1,1
1,1
1,1
0,0
0,0
1,1
1,0
1,1
0,0
1,1
1,1
1,1
1,1
0,0
1,1
1,1
1,0
1,1
0,0
1,1
1,1
1,1
1,1
1,1
0,0
0,0
1,1
0,0
1,1
0,0
0,0
0,0
0,0
1,1
1,1
1,1
1,1
1,1
1,1
1,1
1,1
0,0
1,1
1,1
0,0
1,1
0,0
1,0
0,0
1,1
1,1
0,0
1,1
1,1
0,0
0,0
1,1
1,1
1,1
0,0
1,1
0,1
1,1
1,1
1,1
1,1
1,1
1,1
0,1
0,0
0,0
1,1
1,1
0,0
1,1
1,1
1,1
1,1
1,1
1,1
1,1
0,0
0,1
0,0
1,1
1,1
1,1
1,1
1,1
1,1
1,1
1,1
0,0
1,1
0,0
1,1
0,0
1,1
1,1
0,0
0,0
0,0
0,0
1,1
0,0
1,1
1,1
1,1
0,0
1,1
0,0
1,1
1,1
0,0
1,1
0,1
1,1
1,1
0,0
1,1
1,1
1,1
1,1
1,1
0,0
1,1
1,1
1,1
1,1
1,1
0,0
1,1
0,0
1,1
1,1
0,0
1,1
1,1
1,0
1,1
1,1
1,1
1,1
0,0
1,1
1,1
1,1
1,1
0,0
1,1
1,1
1,1
1,1
1,1
1,1
1,1
1,1
1,1
1,1
1,1
1,1
1,1
1,1
1,1
0,0
1,1
0,0
1,1
0,0
1,1
1,0
0,0
0,0
1,0
0,0
1,1
1,1
1,1
1,1
1,1
1,1
1,1
0,0
0,0
0,0
1,1
0,0
1,1
1,1
0,0
0,0
1,1
1,1
1,1
1,1
1,1
0,0
1,1
1,1
1,1
1,1
1,1
1,1
1,1
0,0
1,1
1,1
1,1
0,0
1,1
0,0
1,1
1,1
1,1
1,1
1,1
1,1
1,1
1,1
1,1
0,0
1,1
1,1
0,0
1,1
1,1
0,1
0,0
1,1
0,0
1,1
1,1
1,1
1,1
1,1
0,0
1,1
1,1
1,1
0,0
1,1
1,1
0,0
1,1
1,1
1,1
1,1
0,0
0,0
0,0
1,1
1,1
1,1
1,1
1,1
0,0
1,1
0,0
1,1
1,1
1,1
1,1
1,1
1,1
1,1
1,1
0,0
0,0
1,1
0,0
1,1
1,1
1,1
1,1
1,1
1,1
1,1
1,1
0,1
0,0
1,1
1,0
0,0
0,0
1,1
1,1
1,1
0,0
1,1
0,1
0,0
1,1
1,1
1,1
0,0
0,0
1,1
1,1
0,0
0,1
1,1
1,1
1,1
1,1
1,1
1,1
1,1
1,1
0,0
0,0
0,0
1,1
1,1
1,1
1,1
1,1
1,1
1,1
1,1
0,0
1,1
0,0
1,1
1,0
1,1
1,1
0,0
0,0
0,0
1,1
1,1
1,1
0,0
1,1
1,1
1,1
1,1
1,1
1,1
1,1
0,0
1,1
0,0
1,1
1,1
1,1
1,1
1,1
1,1
0,0
0,0
1,1
1,1
1,1
1,1
1,1
0,0
1,1
1,1
1,1
0,0
1,1
1,1
1,1
0,0
0,1
1,1
1,1
1,1
0,0
1,1
1,1
1,1
0,0
0,0
1,1
1,1
1,1
1,1
0,0
1,1
1,1
1,1
1,1
1,1
1,1
1,0
1,1
1,1
1,1
1,1
1,1
1,1
0,1
1,1
1,1
1,1
1,1
0,0
1,0
1,1
1,1
0,0
1,1
0,0
1,1
0,1
1,1
1,1
1,1
1,1
1,1
1,1
1,1
1,1
1,1
0,0
1,1
0,0
0,0
1,1
1,1
0,0
1,1
1,1
1,1
1,1
0,0
0,0
1,1
1,1
0,0
1,1
1,1
1,1
1,1
1,1
0,0
0,0
1,1
1,1
1,1
1,1
0,0
0,0
0,0
1,1
1,1
1,1
0,0
1,1
1,1
1,1
1,1
1,1
1,1
1,1
0,0
1,1
0,0
0,0
1,1
1,1
1,1
1,1
1,1
0,0
0,0
1,1
0,1
0,0
1,1
1,1
1,1
1,0
1,1
1,1
0,0
1,1
1,1
1,1
1,1
1,1
1,1
0,0
1,1
1,1
1,1
1,1
0,0
0,0
1,1
1,1
1,1
0,0
1,1
1,1
1,1
1,1
1,1
0,0
1,1
1,1
1,1
1,1
1,1
1,1
0,0
1,1
1,0
1,1
1,1
1,1
1,1
0,1
0,0
1,1
1,1
1,1
0,0
1,1
0,0
1,1
1,1
0,0
1,1
1,1
1,0
1,1
1,1
0,0
1,1
1,1
1,1
0,0
1,1
1,1
1,1
1,1
1,1
1,1
1,1
1,1
0,1
0,0
0,0
1,1
1,1
1,1
1,1
0,0
0,0
1,1
1,1
1,1
1,1
0,0
0,0
1,1
0,0
0,0
0,0
1,1
1,1
1,1
1,1
1,1
1,1
1,1
1,1
1,1
1,1
1,1
1,1
1,1
1,1
1,1
1,1
1,1
1,1
1,1
1,1
0,0
1,1
1,1
0,0
0,1
0,0
1,1
0,0
1,1
0,0
1,1
1,1
0,0
1,1
1,1
1,1
1,1
0,0
1,0
1,1
1,1
1,1
0,0
1,1
0,0
1,1
1,1
1,1
1,1
1,1
1,1
1,1
1,1
1,1
1,1
1,1
1,1
1,1
0,0
0,0
1,1
0,0
1,1
0,0
1,1
1,1
0,0
0,0
1,1
1,1
1,1
0,0
1,1
1,1
1,1
1,1
0,0
1,1
1,1
1,1
0,0
0,0
1,1
1,1
1,1
1,1
1,1
1,1
1,1
1,1
1,1
1,1
0,0
1,1
1,1
1,1
1,1
1,1
1,1
0,0
1,1
1,1
0,0
1,1
1,1
1,1
1,1
0,1
1,1
0,0
1,1
1,1
0,0
1,1
0,0
1,1
0,0
1,1
0,0
1,1
1,1
0,0
1,1
0,0
0,0
1,1
1,1
0,0
1,1
1,1
1,1
0,0
1,1
1,1
0,0
1,1
1,1
1,1
0,0
0,0
1,1
1,1
1,1
1,1
1,1
1,1
0,0
1,1
0,0
1,1
1,1
0,0
0,0
1,1
1,1
1,1
1,1
1,1
1,1
1,1
1,1
1,1
0,0
1,1
1,1
1,1
1,1
0,0
1,1
1,1
1,1
1,1
0,1
1,1
1,0
1,1
1,1
1,1
1,1
0,0
1,1
1,1
1,1
1,1
1,1
0,0
1,1
1,1
1,1
0,0
1,1
0,1
1,1
0,0
1,1
1,1
0,1
1,1
1,1
1,1
1,1
1,1
1,1
1,1
0,0
1,1
1,1
0,1
0,0
0,0
0,0
0,0
0,0
1,1
0,0
1,1
1,1
1,1
1,1
0,0
0,0
0,0
0,0
0,0
1,1
1,1
1,1
1,1
1,1
1,1
1,1
1,1
1,1
1,1
1,1
1,1
0,1
1,1
1,1
1,1
1,1
0,0
1,1
0,0
1,1
1,1
1,1
1,0
1,1
1,1
1,1
1,1
1,1
1,1
0,0
0,0
1,1
0,0
1,1
1,1
0,0
0,0
1,1
1,1
0,0
1,1
1,1
1,1
1,1
1,1
1,1
1,1
1,1
1,1
1,1
1,1
1,1
0,0
0,1
0,0
0,0
0,0
1,1
1,1
1,1
1,1
1,1
1,1
0,0
1,1
0,0
1,1
0,0
0,0
1,1
0,0
0,0
1,1
1,1
1,1
1,1
0,0
1,1
1,1
1,1
0,0
1,1
0,0
1,1
1,1
1,1
1,1
1,1
1,1
0,0
0,0
1,1
0,0
1,1
1,1
0,0
1,1
1,1
1,1
0,0
1,1
1,1
0,1
1,0
1,1
1,1
1,1
0,0
1,0
1,1
1,1
0,0
1,1
1,1
1,1
1,1
1,1
1,1
1,1
1,1
0,0
1,1
1,0
1,1
1,1
0,0
0,0
0,0
1,1
1,1
0,0
1,1
0,0
1,1
1,1
1,1
1,1
1,1
1,1
0,0
1,1
1,1
0,0
1,1
0,0
1,1
0,0
0,0
1,1
1,1
1,1
1,1
1,1
0,1
0,0
1,1
0,1
1,1
1,1
0,0
1,1
0,1
1,1
1,1
1,1
0,0
0,0
1,1
1,1
1,1
1,1
0,0
0,0
1,1
1,1
0,0
1,1
1,1
1,1
1,1
1,1
0,0
0,0
1,1
0,0
0,1
1,1
0,0
1,1
1,1
0,0
0,0
1,0
0,0
1,1
0,0
0,0
0,0
1,1
0,0
1,1
1,1
1,1
0,0
1,1
0,0
1,1
0,0
0,0
0,0
1,1
1,1
1,1
0,0
1,1
1,1
0,0
1,1
0,1
1,1
0,0
1,1
0,0
1,1
0,0
0,0
1,1
0,0
0,0
1,1
1,1
0,0
1,1
0,0
1,1
0,0
0,0
0,0
0,0
0,0
1,1
1,1
1,1
1,1
1,1
1,1
1,1
1,1
0,0
0,1
0,0
1,1
1,1
1,1
1,1
1,1
1,1
1,1
1,1
1,1
1,1
0,0
1,1
1,1
1,1
1,1
0,0
1,1
0,0
1,1
1,1
1,1
1,1
1,1
0,0
1,1
1,1
1,1
0,0
1,1
0,0
1,1
1,1
1,1
1,1
1,1
0,0
0,1
1,1
1,1
1,1
1,1
0,0
0,0
1,1
1,1
0,0
1,1
1,1
0,0
1,1
1,1
0,0
0,0
0,0
0,0
1,1
1,1
1,1
1,1
1,1
1,1
1,1
0,1
1,1
1,1
1,1
1,1
1,1
0,0
1,1
1,1
1,1
1,1
1,1
1,1
0,0
0,0
1,1
1,1
0,0
1,1
1,1
1,1
1,1
1,1
1,1
0,0
0,0
1,1
0,0
0,0
1,1
1,1
1,1
1,1
1,1
1,1
1,1
1,1
1,1
0,0
1,1
0,1
1,1
1,1
0,0
0,0
1,1
1,1
1,1
1,1
1,1
1,1
1,1
1,1
1,1
1,1
1,1
1,1
0,0
0,0
0,0
1,1
0,0
0,0
0,0
0,0
0,0
1,1
1,1
1,1
1,1
0,0
1,1
1,1
0,0
0,0
0,0
0,0
1,1
1,1
1,1
1,1
0,0
0,0
0,0
0,0
1,1
1,1
1,1
1,1
0,0
1,1
0,0
1,1
1,1
1,1
1,1
0,0
0,0
1,1
1,1
1,1
0,0
1,1
1,1
1,1
1,1
1,1
1,1
1,1
1,1
1,1
1,1
1,1
0,0
1,1
1,0
0,0
1,1
1,1
0,0
1,1
0,0
1,1
1,1
0,0
1,1
1,1
1,1
0,0
1,1
1,1
0,0
1,1
0,0
1,1
1,1
1,0
1,1
1,1
1,1
0,0
0,0
1,1
1,1
1,1
1,1
1,1
1,1
1,1
0,0
0,1
0,0
1,1
0,0
1,1
0,0
1,1
1,1
1,1
1,1
1,1
1,1
1,1
1,1
1,1
1,1
1,1
0,0
1,1
1,1
1,1
1,1
1,1
1,1
0,0
1,1
1,1
0,0
0,0
1,1
1,1
1,1
1,1
0,0
1,1
1,1
1,1
1,1
0,0
0,0
0,0
1,1
1,1
1,1
1,1
1,1
0,0
1,1
1,1
1,1
1,1
1,1
1,1
1,1
1,1
1,1
0,0
0,0
0,0
1,1
1,1
0,0
1,1
1,1
0,0
1,1
1,1
1,1
1,1
1,1
1,1
1,1
1,1
1,1
0,0
1,1
1,1
1,1
0,0
0,0
1,1
1,1
1,1
0,0
1,1
1,1
0,0
0,0
0,0
1,1
1,1
1,1
1,1
0,0
1,1
1,1
1,1
1,1
1,1
1,0
1,1
1,1
0,0
1,1
0,0
1,1
1,1
0,0
1,1
0,0
1,1
1,1
1,1
1,1
1,1
0,0
0,0
1,1
0,0
0,0
0,0
1,1
0,0
0,0
1,1
1,1
1,1
1,1
0,1
1,1
1,1
0,0
1,1
1,1
1,1
1,1
1,1
1,1
1,1
1,1
1,1
1,1
1,1
1,1
1,1
1,1
1,1
0,0
1,1
1,1
1,1
1,1
0,0
1,1
1,1
1,1
1,1
1,1
0,0
1,1
0,0
1,1
1,1
1,1
1,1
1,1
1,1
1,1
0,0
0,0
1,1
0,1
0,1
1,1
1,1
1,1
0,0
1,1
1,1
1,1
1,1
1,1
1,1
0,1
1,1
1,1
0,0
1,1
0,0
1,1
1,1
1,1
1,1
0,0
1,1
1,1
1,1
1,1
0,0
0,0
0,0
0,0
0,0
1,1
1,1
1,1
0,0
1,1
0,0
0,0
1,1
1,1
0,0
1,1
0,0
1,1
1,1
1,1
0,0
1,1
1,0
1,1
1,1
1,1
1,1
1,1
1,1
1,1
1,1
1,1
1,1
1,1
1,1
0,0
1,1
1,1
1,1
0,1
1,1
1,1
1,1
1,1
1,1
1,1
0,0
0,1
0,0
1,1
1,1
1,1
1,1
1,1
1,1
0,0
1,1
1,1
0,0
0,0
1,1
0,1
0,0
1,1
0,0
0,0
0,0
1,1
0,0
1,1
1,1
1,1
0,0
0,0
1,1
1,1
1,1
1,1
1,1
0,1
1,1
1,1
1,1
1,1
0,0
1,1
0,0
1,1
1,1
0,0
1,1
0,1
1,0
0,0
1,1
0,0
1,1
1,1
1,1
1,1
1,1
1,1
1,1
0,0
1,1
0,0
1,1
1,1
1,1
1,1
1,1
0,1
1,1
0,0
1,1
0,0
1,1
0,0
1,1
1,1
1,1
1,1
1,1
1,1
1,1
1,1
0,0
1,1
1,1
0,1
1,1
1,1
1,1
1,1
1,1
1,1
1,1
1,1
1,1
0,0
0,0
1,1
1,1
1,1
0,0
1,1
0,0
1,1
1,1
1,1
0,0
0,0
1,1
1,1
1,1
1,1
1,1
1,1
1,1
1,1
1,1
1,1
1,1
1,1
0,0
1,1
1,1
0,0
1,1
0,0
1,1
1,1
1,1
1,1
1,1
1,1
1,1
1,1
1,1
1,1
0,0
1,1
1,1
1,1
1,1
1,1
1,1
0,1
0,1
0,0
1,1
1,1
1,1
1,1
1,1
1,1
0,0
1,1
1,1
1,1
0,0
1,1
1,1
1,1
1,1
1,1
1,1
1,1
1,1
1,1
1,1
1,1
1,1
1,1
0,0
1,1
1,1
1,1
0,0
1,0
1,1
1,1
0,0
1,1
1,1
1,1
1,1
1,1
1,1
0,0
1,1
1,1
1,1
0,1
1,1
1,1
1,1
1,1
1,1
1,1
1,1
1,1
0,0
0,0
1,1
1,1
1,1
1,1
0,0
1,1
1,1
1,1
1,1
1,1
1,1
1,1
1,1
1,1
1,1
1,1
1,1
1,1
0,0
1,1
1,1
1,1
1,1
1,1
0,0
1,1
1,1
1,1
1,1
1,1
0,0
1,1
1,1
1,1
1,1
1,1
1,1
1,1
1,1
1,1
1,1
1,1
1,1
0,0
0,0
1,1
1,1
0,0
1,1
1,1
1,1
0,0
0,0
1,1
0,0
1,1
1,1
1,1
1,1
1,1
1,1
0,0
1,1
1,1
1,1
1,1
1,1
1,1
1,1
1,1
1,1
0,0
0,0
1,1
1,1
1,0
1,1
0,0
1,1
1,1
0,0
1,1
0,0
0,0
1,1
1,1
0,1
0,0
1,1
1,1
0,0
1,0
1,1
1,1
1,1
1,1
1,1
1,1
1,1
0,0
0,0
1,1
1,1
0,0
1,1
0,0
1,1
1,1
1,1
0,0
1,1
1,1
1,1
0,0
1,1
0,0
1,1
0,0
1,1
1,1
1,1
1,1
1,1
1,1
1,1
1,1
1,1
1,1
1,1
0,0
1,1
1,1
1,1
1,1
1,1
1,1
1,1
1,1
0,0
0,0
1,1
1,1
1,1
0,0
1,1
1,1
1,1
1,1
0,0
1,1
1,1
0,0
1,1
1,1
0,0
1,1
1,1
1,1
1,1
1,1
0,0
0,0
0,0
1,1
1,1
0,0
1,1
1,1
1,1
1,1
1,1
1,1
1,1
0,0
1,1
1,1
1,1
1,1
1,1
1,1
0,0
1,1
0,0
0,0
0,0
1,1
1,1
1,1
1,1
1,1
0,0
1,1
0,0
0,0
1,1
0,0
0,0
1,1
0,0
1,1
1,1
1,1
1,1
1,1
1,1
1,1
1,1
1,1
1,1
1,1
1,1
0,0
1,1
1,1
1,1
1,1
1,1
0,0
1,1
1,1
1,1
1,1
0,0
0,0
1,1
1,1
1,1
0,0
0,1
1,1
1,1
0,0
1,1
0,0
0,0
1,1
0,0
1,1
0,0
1,1
1,1
1,1
1,1
1,1
1,1
1,1
0,0
1,1
0,0
1,1
0,0
1,1
1,1
1,1
1,1
1,1
1,1
1,1
1,0
1,1
1,1
0,0
0,0
1,1
1,1
1,1
1,1
1,1
1,1
0,0
0,0
1,1
0,0
0,0
1,1
1,1
0,0
0,0
1,1
0,0
1,1
1,1
0,0
1,1
1,1
1,1
1,1
0,0
1,1
1,1
1,1
1,1
1,1
0,0
0,0
0,0
1,1
1,1
0,1
0,0
1,1
1,1
1,1
0,0
1,1
1,1
1,1
0,0
0,0
1,1
0,0
1,1
1,1
1,1
1,1
1,1
1,1
1,1
1,1
1,1
1,1
1,1
1,1
0,0
0,0
1,1
1,1
1,1
1,1
1,1
1,1
1,1
1,1
1,1
1,1
1,1
1,1
1,1
0,0
1,1
0,0
1,1
0,0
1,1
0,0
1,1
1,1
0,0
1,1
1,1
1,1
1,1
1,1
0,1
0,0
1,1
0,0
1,1
0,0
1,1
1,1
1,1
1,1
0,0
0,0
1,1
0,0
1,1
1,1
1,1
1,1
0,1
0,0
1,1
0,0
0,1
1,1
0,0
1,1
1,1
1,1
0,0
1,1
1,1
0,0
1,1
0,0
0,0
1,1
1,1
0,0
1,1
1,1
0,0
0,0
0,0
1,1
1,1
1,1
0,0
0,0
0,0
1,1
1,1
0,0
0,0
1,1
1,1
0,0
0,1
0,0
1,1
1,1
0,0
1,0
1,1
1,1
1,1
1,1
1,1
1,1
1,1
0,0
0,0
1,1
1,1
1,1
1,1
0,0
0,0
1,1
1,1
1,1
0,0
1,1
1,1
1,1
0,0
1,1
1,1
1,1
1,1
0,0
1,1
0,1
1,1
1,1
0,1
1,1
1,1
0,0
0,0
0,1
1,1
1,1
1,1
1,1
1,1
1,1
1,1
1,1
0,0
1,1
0,1
1,1
1,1
1,1
1,1
1,1
1,1
1,1
0,0
1,1
1,1
0,1
1,1
1,1
1,1
1,1
1,1
1,1
0,0
0,0
1,1
1,1
1,1
0,0
1,1
1,1
1,1
1,1
1,1
1,1
1,1
1,1
1,1
0,0
0,0
0,0
1,1
1,1
0,0
1,1
1,1
0,0
1,1
1,1
1,1
1,1
0,0
1,1
0,0
0,1
1,1
1,1
1,0
1,1
1,1
1,1
0,0
1,1
0,1
1,1
1,1
1,1
0,1
1,1
1,1
1,1
1,1
1,1
1,1
1,1
1,1
1,1
1,1
1,1
1,1
1,1
1,1
1,1
0,0
1,1
0,1
0,0
1,1
1,1
1,1
1,1
1,1
1,1
0,1
0,0
1,1
1,1
0,0
0,0
1,1
0,0
1,1
1,1
1,1
1,1
1,1
0,0
0,0
1,1
1,1
1,1
1,1
0,0
1,1
1,1
1,1
1,1
1,1
1,1
1,1
0,0
1,1
0,0
1,1
1,1
1,1
0,0
0,1
0,0
1,1
1,1
1,1
0,0
1,1
0,0
1,1
1,1
1,1
1,1
1,1
1,1
0,0
0,0
1,1
1,1
1,1
1,1
0,0
1,1
1,0
0,0
0,0
1,1
1,1
1,1
1,1
1,1
1,1
1,1
1,1
1,1
0,1
0,0
1,1
0,0
1,1
0,0
0,0
1,1
1,1
0,0
1,1
1,1
1,1
0,0
1,1
0,0
1,1
1,1
1,1
1,1
1,1
0,0
1,1
1,1
1,1
0,0
1,1
1,1
1,1
1,1
1,1
1,1
1,1
1,1
1,1
0,0
1,1
1,1
0,0
0,0
1,1
1,1
0,0
1,1
1,1
1,1
1,1
1,1
1,1
1,1
0,0
0,0
1,1
1,1
1,1
0,0
1,1
0,0
1,1
1,1
1,1
0,0
1,1
1,1
0,0
1,1
1,1
1,1
0,0
1,1
0,0
1,1
1,1
0,0
1,1
1,1
1,1
0,0
0,0
1,1
1,1
1,1
1,1
1,1
1,1
1,1
1,1
0,0
1,1
0,0
1,1
1,1
1,1
1,1
1,1
1,1
1,1
0,0
1,1
1,1
0,0
1,1
1,1
1,1
1,1
0,0
1,1
0,0
1,1
1,1
0,0
1,1
1,1
1,1
0,0
1,1
1,1
1,1
1,1
1,1
1,1
0,0
0,0
0,0
0,0
1,1
0,0
0,1
1,1
1,1
0,0
0,0
0,0
0,0
1,1
1,1
0,0
0,0
0,0
1,1
0,0
1,1
0,0
0,0
0,0
1,1
1,1
1,1
1,1
0,1
1,1
0,0
0,0
0,0
0,1
1,1
0,0
1,1
1,1
1,1
1,1
1,1
0,0
1,1
0,0
1,1
1,1
1,1
0,0
1,1
1,1
1,1
1,1
1,1
1,1
0,0
0,1
0,0
1,1
0,0
1,1
1,1
1,1
1,1
0,0
1,1
0,1
1,1
0,0
1,1
1,1
1,1
1,1
1,1
1,1
1,1
0,0
1,1
1,1
1,1
0,0
1,1
1,1
1,1
1,1
1,1
1,1
1,1
1,1
0,0
1,1
1,1
0,0
1,1
1,1
1,1
0,1
0,0
1,1
1,1
1,1
0,0
0,0
0,0
0,0
0,0
1,1
1,1
1,1
1,1
0,0
1,1
0,0
0,0
1,1
0,0
1,1
1,1
0,0
1,1
0,0
1,1
0,1
0,0
0,0
1,1
1,1
0,0
0,0
0,0
1,1
1,1
1,1
1,1
0,0
1,1
1,1
1,1
1,1
1,1
1,1
1,1
1,1
0,0
0,0
1,1
1,1
1,1
1,1
1,1
0,0
1,1
1,1
1,1
1,1
1,1
1,1
1,0
1,1
1,1
1,1
1,1
0,0
0,0
1,1
0,0
1,1
0,0
0,0
1,1
0,0
1,1
1,1
1,1
0,0
0,0
0,0
1,1
1,1
0,0
0,0
1,1
0,0
0,0
1,1
0,0
0,0
1,1
1,1
1,1
1,1
1,1
1,1
1,1
1,1
1,1
1,1
1,1
0,1
1,1
1,1
0,0
1,1
1,1
1,1
1,1
0,0
1,1
1,1
0,0
1,1
0,0
1,1
1,1
1,1
0,0
1,1
1,1
1,0
1,1
1,1
1,1
0,0
1,1
1,1
1,1
0,0
1,1
0,0
1,1
0,0
1,1
1,1
1,1
1,1
1,1
1,1
1,1
0,1
1,1
0,1
1,1
1,1
1,1
0,0
1,1
0,0
1,1
0,1
1,1
1,1
1,1
0,0
0,0
1,1
0,0
0,0
1,1
0,0
1,1
1,1
1,1
0,0
1,1
1,1
1,1
1,1
1,1
0,0
0,0
0,0
1,1
1,1
1,1
0,0
0,0
1,1
1,1
1,1
1,1
1,1
1,1
1,1
1,1
1,1
1,1
1,1
1,1
0,0
0,0
1,1
1,1
1,1
0,0
1,1
1,1
1,1
1,1
1,1
1,1
1,1
1,1
1,1
1,1
1,1
1,1
1,1
0,0
0,0
1,1
1,1
0,0
0,0
1,1
0,0
1,1
1,1
1,1
0,1
1,1
1,1
1,1
0,0
1,1
1,1
1,1
0,0
1,1
1,1
1,1
1,1
0,0
1,1
0,0
1,1
0,0
1,1
0,0
1,1
1,1
0,0
1,1
0,0
1,1
0,0
1,1
1,1
0,0
0,0
1,1
0,0
1,1
0,1
1,1
0,1
1,1
1,1
1,1
1,1
1,1
0,0
0,0
0,1
1,1
1,1
1,1
1,1
0,1
1,1
1,1
1,1
1,1
1,1
1,1
1,1
1,1
0,0
0,0
1,1
1,1
1,1
1,1
1,1
1,1
1,1
1,1
1,1
1,1
1,1
0,0
1,1
0,0
1,1
0,0
0,0
1,0
1,1
1,1
1,1
1,1
1,1
0,0
1,1
1,1
1,1
1,1
1,1
1,1
0,0
1,1
1,1
1,1
1,1
1,1
1,1
1,1
1,1
1,1
1,1
0,0
1,1
0,0
1,1
1,1
0,0
1,1
1,1
1,1
1,1
1,1
1,1
1,1
0,1
0,0
1,1
0,0
0,1
1,1
1,1
1,1
0,0
0,0
1,1
1,1
1,1
1,1
1,1
1,1
0,0
0,0
1,1
0,0
1,1
0,0
1,1
0,0
1,0
0,0
1,1
0,0
0,0
0,0
1,1
1,1
1,1
0,0
1,1
1,1
1,1
1,1
1,1
1,1
1,1
1,0
0,0
1,1
1,1
1,1
0,0
1,1
1,1
1,1
0,0
1,1
1,1
1,1
0,0
1,1
1,1
1,1
1,1
1,1
1,1
1,1
0,0
0,0
0,0
0,0
1,1
1,1
1,1
0,0
1,1
1,1
0,0
0,0
1,1
0,0
0,0
1,1
1,1
1,1
0,0
1,1
1,1
1,1
1,1
1,1
1,1
0,0
0,0
1,1
1,1
1,1
1,1
1,1
1,1
1,1
0,0
1,1
0,0
1,1
0,1
1,1
1,1
0,0
1,1
0,0
1,1
1,1
0,0
1,1
1,1
1,1
1,1
1,1
0,0
0,0
1,1
0,0
0,0
1,1
1,1
1,1
0,0
0,0
1,1
0,1
0,0
1,1
1,1
1,1
1,1
1,1
1,1
1,1
1,1
1,1
1,1
1,1
0,1
0,0
0,0
1,1
0,0
1,1
1,1
1,1
0,0
0,0
1,1
0,0
0,0
1,1
1,1
1,1
0,0
1,1
1,1
1,1
0,0
1,1
1,1
1,1
1,1
1,1
1,1
1,1
0,0
1,1
0,0
1,1
0,1
1,1
1,1
1,1
0,0
1,1
1,1
1,1
1,1
1,1
0,0
1,1
1,1
0,0
0,0
1,1
1,1
0,0
1,1
1,1
1,1
1,1
1,1
1,1
1,1
1,1
1,1
1,1
1,1
1,1
1,1
1,1
1,1
1,1
1,1
1,1
0,0
1,1
1,1
1,1
0,0
0,0
0,0
0,0
1,1
1,1
0,0
0,0
1,1
1,1
1,1
1,1
1,1
1,1
1,1
0,0
1,1
1,1
1,1
0,0
1,1
1,1
0,0
0,0
1,1
1,1
1,1
1,1
1,1
1,1
0,0
1,1
1,1
0,0
0,0
1,1
1,1
1,1
1,1
1,1
1,1
1,1
1,1
1,1
1,1
1,1
1,1
1,1
1,1
1,1
1,1
1,1
1,1
1,0
1,1
1,1
0,0
0,0
1,1
1,1
1,1
1,1
0,0
1,1
1,1
0,0
1,1
0,0
1,0
1,1
1,0
1,1
1,1
1,1
0,0
1,1
1,1
1,1
1,1
1,1
1,1
1,1
1,1
0,0
1,1
0,0
1,1
1,1
1,1
1,1
1,1
1,1
1,1
1,1
0,0
1,1
0,0
1,1
0,0
1,1
0,0
1,1
0,0
0,0
1,1
1,1
1,1
1,1
1,1
0,0
1,1
1,1
0,0
1,1
1,1
1,1
0,0
1,1
0,0
1,1
1,1
0,1
1,1
0,0
1,1
1,1
1,1
1,1
1,1
1,1
0,0
1,1
1,1
1,1
1,1
0,0
1,1
1,1
1,1
1,1
1,1
1,1
1,1
1,1
1,1
1,1
1,1
1,1
1,0
1,1
1,1
1,1
0,0
1,1
1,1
1,1
1,1
0,1
1,1
1,1
1,1
1,1
1,1
1,1
0,0
1,1
0,0
0,0
1,1
1,1
1,1
1,1
1,1
0,1
0,0
1,1
1,1
0,1
0,0
1,1
1,1
1,1
1,1
0,1
1,1
0,0
1,1
1,1
1,1
1,1
0,0
1,1
1,1
0,0
1,1
0,0
1,1
1,1
1,1
1,1
1,1
1,0
1,1
1,1
1,1
1,1
0,0
1,1
1,1
1,1
1,1
1,1
0,0
1,1
0,0
0,0
1,1
0,0
1,1
1,1
1,1
0,0
1,0
1,1
1,1
1,1
1,1
1,1
1,1
0,0
1,1
0,0
0,0
0,0
1,1
1,1
1,1
1,1
1,1
1,1
1,1
1,1
1,1
1,1
0,0
1,1
0,0
1,1
1,1
1,1
1,1
0,0
1,1
1,1
1,1
1,1
0,0
1,1
1,1
1,1
0,0
1,1
0,0
1,0
1,1
1,1
0,0
1,1
1,1
0,0
1,1
1,1
1,1
1,1
1,1
1,1
1,1
1,1
1,1
1,1
1,1
1,1
1,1
1,1
1,1
1,1
1,1
1,1
0,0
1,1
1,1
1,1
1,1
0,0
1,1
0,0
0,0
1,1
1,1
1,1
1,1
0,0
1,1
1,1
1,1
1,1
1,1
1,1
1,1
0,1
1,1
1,1
1,1
1,1
0,0
1,1
0,0
1,1
1,1
0,0
1,1
1,1
0,0
0,0
1,1
1,1
0,0
0,0
1,1
1,1
1,1
1,1
1,1
1,1
1,1
1,1
0,0
0,0
1,1
1,1
1,1
1,1
0,1
1,1
1,0
1,1
1,1
1,1
1,1
1,1
1,1
1,1
1,1
0,0
1,1
0,0
0,0
1,1
1,1
0,0
1,1
1,1
0,0
0,0
1,1
1,1
1,1
1,1
1,1
1,1
1,1
0,0
0,0
1,1
1,1
0,0
0,0
1,1
1,1
0,0
1,1
1,1
1,1
1,1
1,1
1,1
1,1
1,1
1,1
1,1
1,1
1,1
1,1
1,1
0,0
1,1
1,1
0,0
1,1
1,1
0,0
0,0
0,0
1,1
0,0
1,1
1,1
1,1
0,0
0,0
1,1
1,1
0,0
1,1
1,1
1,1
1,1
0,0
1,1
1,1
1,1
1,1
0,0
1,1
1,1
1,1
1,1
0,0
1,1
0,0
1,1
1,1
0,0
0,0
1,1
0,0
1,1
0,0
1,1
0,0
1,1
1,1
1,1
1,1
0,0
0,1
1,1
1,1
0,0
1,1
1,1
1,1
1,1
1,1
1,1
0,0
0,1
1,1
1,1
1,1
1,1
1,1
0,0
0,0
0,1
1,1
1,1
0,0
0,0
1,0
1,1
0,0
0,0
0,0
1,1
1,1
1,1
1,1
0,0
1,1
1,1
1,1
1,1
0,0
1,1
0,0
1,1
0,1
0,0
0,1
1,1
1,1
0,0
1,1
0,0
1,1
1,1
0,0
1,1
1,1
1,1
1,1
1,1
1,1
1,1
0,0
1,1
1,1
1,1
0,0
1,1
0,0
1,1
0,0
1,1
1,1
1,1
1,1
1,1
1,1
1,1
1,1
0,0
0,0
1,1
1,1
1,1
0,1
0,0
1,1
1,1
0,1
1,1
1,1
0,0
0,0
1,1
1,1
0,0
1,1
0,0
1,1
1,1
0,0
1,1
1,1
0,1
1,1
1,1
1,1
1,1
1,1
1,1
1,1
1,1
1,1
0,0
1,1
0,0
1,1
0,0
1,1
0,0
1,1
0,0
0,0
0,0
0,0
0,0
1,1
0,0
1,1
1,1
0,0
1,0
1,1
1,0
1,1
1,1
1,1
1,1
0,1
1,1
0,0
1,1
1,1
0,0
0,0
1,1
1,1
1,1
1,0
0,1
1,1
0,1
1,1
0,0
1,1
1,1
1,0
0,0
1,1
0,0
0,0
0,0
1,1
1,1
0,0
1,1
1,1
0,0
1,1
1,1
0,1
1,1
1,1
1,1
1,1
0,0
1,1
1,1
0,0
1,1
1,1
0,1
0,0
1,1
0,0
1,1
1,1
1,1
1,1
0,0
1,1
0,0
1,1
1,1
1,1
1,1
1,1
1,1
0,0
0,0
1,1
1,1
1,1
0,0
1,1
1,1
1,1
1,1
0,0
1,1
1,1
1,1
0,1
1,1
1,1
0,1
1,1
1,1
0,0
1,1
1,1
1,1
1,1
1,1
1,1
0,0
0,0
0,0
0,0
1,1
1,1
0,0
0,0
0,0
0,0
1,1
1,1
0,0
1,1
1,1
1,1
1,1
1,1
0,0
1,1
1,0
1,1
0,0
1,1
1,1
1,1
0,0
0,0
0,0
0,0
1,1
1,1
1,1
1,1
1,1
0,0
1,1
1,1
0,0
1,1
1,1
0,0
1,1
1,1
1,1
0,0
1,1
1,1
0,0
1,1
0,0
0,1
1,1
1,1
1,0
1,1
0,0
1,1
1,1
1,1
1,1
1,1
1,1
1,1
1,1
1,1
1,1
1,1
1,1
0,0
1,1
1,1
1,0
1,1
0,0
1,1
1,1
0,1
1,1
1,1
0,0
1,1
1,1
0,1
0,0
1,1
0,1
1,1
0,0
0,0
1,1
1,1
1,1
1,1
1,1
1,1
0,0
1,1
1,1
1,1
0,0
0,0
0,0
1,1
0,0
1,1
1,1
1,1
1,1
1,1
1,1
1,1
0,0
0,0
0,0
0,0
1,1
1,1
1,1
1,1
1,1
1,1
1,1
1,1
1,1
1,1
1,1
1,1
1,1
1,1
0,0
1,0
1,1
0,0
1,1
1,1
1,1
1,1
1,1
0,0
1,1
1,1
1,1
0,0
1,1
1,1
0,0
0,0
0,0
1,1
0,0
1,1
0,0
1,1
0,0
0,0
1,1
0,0
1,1
1,1
1,1
0,0
1,1
1,1
0,0
0,0
0,0
1,1
1,1
1,1
1,1
1,1
0,0
1,1
1,1
0,0
0,0
1,1
0,0
1,1
1,1
0,0
0,0
0,0
0,0
1,1
1,1
1,1
1,1
1,1
1,1
1,1
1,1
0,0
1,1
1,1
1,1
1,1
1,1
0,0
1,1
1,0
1,1
0,1
1,1
1,1
1,1
1,1
1,1
1,1
1,1
1,1
1,1
0,1
1,1
1,1
1,1
0,0
1,1
1,1
1,1
1,1
1,1
0,0
1,1
1,1
1,1
1,1
1,1
1,1
0,0
1,1
0,0
1,1
0,0
0,0
0,0
1,1
1,1
1,1
1,1
1,1
0,0
1,1
1,1
0,0
1,1
0,0
1,1
0,0
1,1
1,1
0,0
0,0
1,1
1,1
1,1
0,0
1,1
1,1
0,0
1,1
1,1
1,1
0,0
0,0
1,1
1,1
0,0
1,1
1,1
0,0
1,1
1,1
1,1
0,0
1,1
1,1
1,1
1,1
1,1
0,0
1,1
0,0
1,1
1,0
1,1
1,1
0,1
0,0
1,1
1,1
1,1
1,1
0,0
1,1
1,1
1,1
0,0
0,1
1,1
1,1
1,1
0,0
1,1
0,0
1,1
1,1
1,0
0,1
1,1
1,1
1,1
1,1
1,1
1,1
1,1
1,1
0,0
0,0
0,0
1,1
1,1
1,1
1,1
1,1
1,1
1,1
1,1
1,1
1,1
1,1
1,1
0,0
1,1
1,1
0,0
1,1
1,1
1,1
0,0
0,0
0,0
1,1
1,1
1,0
1,1
1,1
1,1
1,0
1,1
1,1
1,1
1,1
1,1
0,0
1,1
1,1
0,0
1,1
1,1
0,0
1,1
1,1
0,0
1,1
1,1
0,0
0,0
1,0
0,0
1,1
1,1
1,1
1,1
1,1
1,1
1,1
1,0
1,1
1,1
1,1
1,1
1,1
1,1
1,1
1,1
1,1
1,1
1,1
1,1
0,1
0,0
1,1
1,1
1,1
1,1
1,1
0,0
0,0
0,1
1,1
0,0
1,1
0,0
1,1
1,1
0,0
1,1
1,1
0,0
1,1
0,0
1,1
1,1
1,1
0,0
1,1
1,1
1,1
0,0
1,1
1,1
1,1
1,1
0,0
1,1
1,1
1,0
0,0
0,0
1,1
1,1
1,1
0,0
1,1
0,0
0,0
1,1
1,1
1,1
1,1
0,0
1,1
1,1
1,1
1,1
1,1
1,1
1,1
0,0
1,1
1,1
0,0
0,0
1,1
1,0
1,1
0,0
1,1
0,0
1,1
1,1
1,1
1,1
1,1
0,0
0,1
1,1
0,0
1,1
0,0
0,0
1,1
1,1
1,1
1,0
1,1
0,1
0,0
0,0
0,0
1,1
0,0
1,1
1,1
1,1
1,1
1,1
1,1
1,1
0,0
0,0
1,1
1,1
1,1
0,0
1,1
1,1
1,1
0,0
0,0
1,1
0,0
1,1
1,1
1,1
1,1
1,1
1,1
1,1
1,1
0,1
1,1
1,1
0,1
1,1
1,1
1,1
1,1
0,1
1,1
0,0
1,1
1,1
1,1
1,1
0,0
1,1
1,1
1,1
1,1
1,1
0,0
1,1
1,1
1,1
1,1
1,1
1,1
1,1
0,0
1,1
1,1
0,0
1,1
0,0
0,0
0,0
0,0
0,0
1,1
0,1
1,1
1,1
0,0
0,1
1,1
0,0
1,0
1,1
1,1
1,1
0,0
0,0
1,1
1,1
0,0
1,1
0,0
1,1
1,1
1,1
1,1
1,1
0,1
1,1
1,1
0,0
1,1
1,1
1,1
1,1
0,0
1,1
1,1
0,1
1,1
1,1
1,1
1,1
1,1
0,0
1,1
1,1
1,1
1,1
0,0
1,1
0,0
0,0
1,1
1,1
0,0
1,1
1,1
0,0
1,1
1,1
0,0
1,1
1,1
1,1
1,1
1,1
1,1
1,1
1,1
1,1
0,0
1,1
0,0
0,0
1,1
1,1
1,1
1,1
0,0
1,1
1,1
1,1
0,0
1,1
1,1
0,0
1,1
1,1
1,1
1,1
1,1
1,1
1,1
0,0
0,0
1,1
1,1
0,0
1,1
1,1
1,1
1,1
0,0
0,0
1,1
1,1
1,1
0,0
1,1
1,1
0,0
1,1
1,1
1,1
0,0
1,1
0,0
1,1
0,0
0,0
1,1
0,0
1,1
1,1
1,1
1,1
1,1
1,1
1,1
1,1
1,1
0,0
0,1
1,1
0,0
1,1
0,0
1,1
0,0
1,1
1,1
1,1
0,0
1,1
0,0
1,1
1,1
0,0
1,1
1,1
0,0
1,1
1,1
1,1
1,1
0,0
1,1
1,1
1,1
1,1
0,0
1,1
0,0
1,1
1,1
0,0
0,0
1,1
1,1
1,1
1,1
1,1
1,1
1,1
1,1
0,0
0,1
1,1
1,1
1,1
1,1
1,1
0,0
1,1
1,1
1,1
1,1
0,0
1,1
1,1
1,1
1,1
1,1
1,1
1,1
1,1
0,0
1,1
1,1
1,1
1,1
0,0
1,0
1,1
1,1
1,1
0,0
1,1
1,1
1,1
1,1
0,0
0,0
1,1
1,1
1,1
1,1
1,1
1,1
1,1
1,1
0,0
1,0
1,1
1,1
1,1
1,1
1,1
1,1
0,0
1,1
0,0
1,1
1,1
1,1
1,1
0,0
1,1
0,1
0,1
1,1
1,0
1,1
1,1
1,1
1,1
1,1
1,1
1,1
0,0
0,0
1,1
0,1
1,1
0,0
0,0
1,1
1,1
1,1
1,1
1,1
1,1
1,1
1,1
